5531264199916996,9066231,-0.00900,0.08500,-0.01900,-0.21600,0.21600,0.07200,0.00000,0.00000,0.00000,0.00000,0.00355,-0.00373,0.00000,0.00373,0.00355,0.99996,-0.00872,0.00096,0.00872,0.99992,-0.00871,-0.00088,0.00872,0.99996,-0.00882,-0.00861,0.00089,0.50241
5531264199916996,9066231,-0.00900,0.08500,-0.01900,-0.21600,0.21600,0.07200,0.00000,0.00000,0.00000,0.00000,0.00355,-0.00373,0.00000,0.00373,0.00355,0.99996,-0.00872,0.00096,0.00872,0.99992,-0.00871,-0.00088,0.00872,0.99996,-0.00882,-0.00861,0.00089,0.50241
5531264265913227,9070077,0.06700,-0.01000,-0.01900,-0.21600,0.21600,0.07200,0.00000,0.00000,0.00000,0.00000,0.00930,-0.00985,0.00000,0.00985,0.00930,0.99983,-0.01732,-0.00684,0.01733,0.99985,0.00070,0.00683,-0.00082,0.99998,-0.01731,0.00102,-0.00681,1.06735
5531264265913227,9070077,0.06700,-0.01000,-0.01900,-0.21600,0.21600,0.07200,0.00000,0.00000,0.00000,0.00000,0.00930,-0.00985,0.00000,0.00985,0.00930,0.99983,-0.01732,-0.00684,0.01733,0.99985,0.00070,0.00683,-0.00082,0.99998,-0.01731,0.00102,-0.00681,1.06735
5531264332594919,9752384,0.04800,0.03700,0.00000,-0.21600,0.21600,0.07200,0.00000,0.00000,0.00000,0.00000,0.00772,-0.00816,0.00000,0.00816,0.00772,0.99990,-0.01298,-0.00482,0.01296,0.99991,-0.00396,0.00487,0.00389,0.99998,-0.01302,-0.00374,-0.00486,0.79352
5531264332594919,9752384,0.04800,0.03700,0.00000,-0.21600,0.21600,0.07200,0.00000,0.00000,0.00000,0.00000,0.00772,-0.00816,0.00000,0.00816,0.00772,0.99990,-0.01298,-0.00482,0.01296,0.99991,-0.00396,0.00487,0.00389,0.99998,-0.01302,-0.00374,-0.00486,0.79352
5531264397919765,9079384,0.04800,0.00900,0.04800,-0.21600,0.18000,0.07200,0.00000,0.00000,0.00000,0.00000,0.00774,-0.00817,0.00000,0.00817,0.00774,0.99991,-0.01268,-0.00478,0.01267,0.99992,-0.00112,0.00479,0.00106,0.99999,-0.01269,-0.00091,-0.00478,0.77632
5531264397919765,9079384,0.04800,0.00900,0.04800,-0.21600,0.18000,0.07200,0.00000,0.00000,0.00000,0.00000,0.00774,-0.00817,0.00000,0.00817,0.00774,0.99991,-0.01268,-0.00478,0.01267,0.99992,-0.00112,0.00479,0.00106,0.99999,-0.01269,-0.00091,-0.00478,0.77632
5531264463916765,9043615,0.02900,-0.01000,0.02900,-0.21600,0.18000,0.07200,0.00000,0.00000,0.00000,0.00000,0.00655,-0.00691,0.00000,0.00691,0.00655,0.99989,-0.01463,-0.00292,0.01463,0.99989,0.00079,0.00291,-0.00084,1.00000,-0.01462,0.00101,-0.00289,0.85478
5531264463916765,9043615,0.02900,-0.01000,0.02900,-0.21600,0.18000,0.07200,0.00000,0.00000,0.00000,0.00000,0.00655,-0.00691,0.00000,0.00691,0.00655,0.99989,-0.01463,-0.00292,0.01463,0.99989,0.00079,0.00291,-0.00084,1.00000,-0.01462,0.00101,-0.00289,0.85478
5531264529918227,9072692,0.04800,-0.01900,-0.02900,-0.21600,0.18000,0.10800,0.00000,0.00000,0.00000,0.00000,0.00690,-0.00728,0.00000,0.00728,0.00690,0.99987,-0.01535,-0.00495,0.01536,0.99988,0.00168,0.00492,-0.00175,0.99999,-0.01533,0.00193,-0.00490,0.92429
5531264529918227,9072692,0.04800,-0.01900,-0.02900,-0.21600,0.18000,0.10800,0.00000,0.00000,0.00000,0.00000,0.00690,-0.00728,0.00000,0.00728,0.00690,0.99987,-0.01535,-0.00495,0.01536,0.99988,0.00168,0.00492,-0.00175,0.99999,-0.01533,0.00193,-0.00490,0.92429
5531264595918381,9073385,0.04800,-0.01900,-0.01900,-0.10800,0.18000,0.03600,0.00000,0.00000,0.00000,0.00000,0.00591,-0.00623,0.00000,0.00623,0.00591,0.99986,-0.01605,-0.00493,0.01605,0.99987,0.00166,0.00490,-0.00174,0.99999,-0.01603,0.00193,-0.00489,0.96225
5531264595918381,9073385,0.04800,-0.01900,-0.01900,-0.10800,0.18000,0.03600,0.00000,0.00000,0.00000,0.00000,0.00591,-0.00623,0.00000,0.00623,0.00591,0.99986,-0.01605,-0.00493,0.01605,0.99987,0.00166,0.00490,-0.00174,0.99999,-0.01603,0.00193,-0.00489,0.96225
5531264661918919,9078384,0.00000,0.04700,-0.01900,-0.28800,0.28800,-0.18000,0.00000,0.00000,0.00000,0.00000,0.01415,-0.01509,0.00000,0.01509,0.01415,0.99984,-0.01795,0.00005,0.01795,0.99983,-0.00497,0.00004,0.00497,0.99999,-0.01801,-0.00476,-0.00002,1.02832
5531264661918919,9078384,0.00000,0.04700,-0.01900,-0.28800,0.28800,-0.18000,0.00000,0.00000,0.00000,0.00000,0.01415,-0.01509,0.00000,0.01509,0.01415,0.99984,-0.01795,0.00005,0.01795,0.99983,-0.00497,0.00004,0.00497,0.99999,-0.01801,-0.00476,-0.00002,1.02832
5531264727934227,9086616,0.04800,-0.04800,0.00000,-0.28800,0.25200,-0.21600,0.00000,0.00000,0.00000,0.00000,0.01893,-0.02034,0.00000,0.02034,0.01893,0.99971,-0.02346,-0.00499,0.02348,0.99971,0.00447,0.00488,-0.00459,0.99998,-0.02341,0.00486,-0.00486,1.37444
5531264727934227,9086616,0.04800,-0.04800,0.00000,-0.28800,0.25200,-0.21600,0.00000,0.00000,0.00000,0.00000,0.01893,-0.02034,0.00000,0.02034,0.01893,0.99971,-0.02346,-0.00499,0.02348,0.99971,0.00447,0.00488,-0.00459,0.99998,-0.02341,0.00486,-0.00486,1.37444
5531264793919535,9014693,0.02000,0.00900,0.04800,-0.28800,0.25200,-0.21600,0.00000,0.00000,0.00000,0.00000,0.01667,-0.01784,0.00000,0.01784,0.01667,0.99983,-0.01840,-0.00196,0.01840,0.99983,-0.00116,0.00198,0.00112,1.00000,-0.01841,-0.00091,-0.00196,1.06017
5531264793919535,9014693,0.02000,0.00900,0.04800,-0.28800,0.25200,-0.21600,0.00000,0.00000,0.00000,0.00000,0.01667,-0.01784,0.00000,0.01784,0.01667,0.99983,-0.01840,-0.00196,0.01840,0.99983,-0.00116,0.00198,0.00112,1.00000,-0.01841,-0.00091,-0.00196,1.06017
5531264859916996,9073308,0.01000,0.00000,0.01000,-0.25200,0.18000,-0.39600,0.00000,0.00000,0.00000,0.00000,0.02035,-0.02191,0.00000,0.02191,0.02035,0.99991,-0.01358,-0.00101,0.01358,0.99991,-0.00017,0.00101,0.00016,1.00000,-0.01358,-0.00000,-0.00100,0.78059
5531264859916996,9073308,0.01000,0.00000,0.01000,-0.25200,0.18000,-0.39600,0.00000,0.00000,0.00000,0.00000,0.02035,-0.02191,0.00000,0.02191,0.02035,0.99991,-0.01358,-0.00101,0.01358,0.99991,-0.00017,0.00101,0.00016,1.00000,-0.01358,-0.00000,-0.00100,0.78059
5531264925916304,9069000,0.00000,0.03700,-0.02900,-0.14400,0.07200,-0.32400,0.00000,0.00000,0.00000,0.00000,0.01406,-0.01500,0.00000,0.01500,0.01406,1.00000,-0.00180,-0.00003,0.00180,0.99999,-0.00377,0.00004,0.00377,0.99999,-0.00185,-0.00375,-0.00003,0.10279
5531264925916304,9069000,0.00000,0.03700,-0.02900,-0.14400,0.07200,-0.32400,0.00000,0.00000,0.00000,0.00000,0.01406,-0.01500,0.00000,0.01500,0.01406,1.00000,-0.00180,-0.00003,0.00180,0.99999,-0.00377,0.00004,0.00377,0.99999,-0.00185,-0.00375,-0.00003,0.10279
5531264991914073,8760692,0.06700,0.03700,0.00000,-0.10800,0.07200,-0.28800,0.00000,0.00000,0.00000,0.00000,0.01648,-0.01764,0.00000,0.01764,0.01648,0.99998,-0.00162,-0.00677,0.00159,0.99999,-0.00377,0.00678,0.00376,0.99997,-0.00166,-0.00374,-0.00678,0.39958
5531264991914073,8760692,0.06700,0.03700,0.00000,-0.10800,0.07200,-0.28800,0.00000,0.00000,0.00000,0.00000,0.01648,-0.01764,0.00000,0.01764,0.01648,0.99998,-0.00162,-0.00677,0.00159,0.99999,-0.00377,0.00678,0.00376,0.99997,-0.00166,-0.00374,-0.00678,0.39958
5531265057916765,9066230,0.00000,0.00000,-0.00900,-0.10800,0.07200,-0.25200,0.00000,0.00000,0.00000,0.00000,0.01098,-0.01166,0.00000,0.01166,0.01098,0.99998,-0.00549,-0.00002,0.00549,0.99998,-0.00006,0.00002,0.00006,1.00000,-0.00549,0.00000,-0.00001,0.31404
5531265057916765,9066230,0.00000,0.00000,-0.00900,-0.10800,0.07200,-0.25200,0.00000,0.00000,0.00000,0.00000,0.01098,-0.01166,0.00000,0.01166,0.01098,0.99998,-0.00549,-0.00002,0.00549,0.99998,-0.00006,0.00002,0.00006,1.00000,-0.00549,0.00000,-0.00001,0.31404
5531265123917688,9062384,0.02000,0.04700,0.01000,-0.10800,0.07200,-0.25200,0.00000,0.00000,0.00000,0.00000,0.01213,-0.01290,0.00000,0.01290,0.01213,1.00000,-0.00093,-0.00201,0.00092,0.99999,-0.00476,0.00201,0.00476,0.99999,-0.00099,-0.00475,-0.00201,0.12972
5531265123917688,9062384,0.02000,0.04700,0.01000,-0.10800,0.07200,-0.25200,0.00000,0.00000,0.00000,0.00000,0.01213,-0.01290,0.00000,0.01290,0.01213,1.00000,-0.00093,-0.00201,0.00092,0.99999,-0.00476,0.00201,0.00476,0.99999,-0.00099,-0.00475,-0.00201,0.12972
5531265189918919,9072538,0.02000,0.00000,-0.05700,-0.10800,0.07200,-0.21600,0.00000,0.00000,0.00000,0.00000,0.01130,-0.01201,0.00000,0.01201,0.01130,0.99998,-0.00536,-0.00211,0.00536,0.99999,-0.00007,0.00211,0.00006,1.00000,-0.00536,0.00001,-0.00210,0.32924
5531265189918919,9072538,0.02000,0.00000,-0.05700,-0.10800,0.07200,-0.21600,0.00000,0.00000,0.00000,0.00000,0.01130,-0.01201,0.00000,0.01201,0.01130,0.99998,-0.00536,-0.00211,0.00536,0.99999,-0.00007,0.00211,0.00006,1.00000,-0.00536,0.00001,-0.00210,0.32924
5531265255922611,9069538,0.00000,0.00900,0.02900,-0.07200,0.10800,-0.21600,0.00000,0.00000,0.00000,0.00000,0.00884,-0.00936,0.00000,0.00936,0.00884,0.99997,-0.00788,0.00003,0.00788,0.99997,-0.00100,-0.00003,0.00100,1.00000,-0.00789,-0.00091,0.00003,0.45154
5531265255922611,9069538,0.00000,0.00900,0.02900,-0.07200,0.10800,-0.21600,0.00000,0.00000,0.00000,0.00000,0.00884,-0.00936,0.00000,0.00936,0.00884,0.99997,-0.00788,0.00003,0.00788,0.99997,-0.00100,-0.00003,0.00100,1.00000,-0.00789,-0.00091,0.00003,0.45154
5531265321920919,9078384,0.06700,0.00900,-0.03800,-0.10800,0.10800,-0.21600,0.00000,0.00000,0.00000,0.00000,0.01454,-0.01552,0.00000,0.01552,0.01454,0.99995,-0.00722,-0.00685,0.00722,0.99997,-0.00104,0.00686,0.00099,0.99998,-0.00724,-0.00091,-0.00685,0.56993
5531265321920919,9078384,0.06700,0.00900,-0.03800,-0.10800,0.10800,-0.21600,0.00000,0.00000,0.00000,0.00000,0.01454,-0.01552,0.00000,0.01552,0.01454,0.99995,-0.00722,-0.00685,0.00722,0.99997,-0.00104,0.00686,0.00099,0.99998,-0.00724,-0.00091,-0.00685,0.56993
5531265387919996,9073077,-0.01900,-0.04800,-0.00900,-0.10800,0.32400,0.03600,0.00000,0.00000,0.00000,0.00000,0.00181,-0.00189,0.00000,0.00189,0.00181,0.99950,-0.03149,0.00174,0.03148,0.99949,0.00456,-0.00188,-0.00450,0.99999,-0.03144,0.00486,0.00191,1.80710
5531265387919996,9073077,-0.01900,-0.04800,-0.00900,-0.10800,0.32400,0.03600,0.00000,0.00000,0.00000,0.00000,0.00181,-0.00189,0.00000,0.00189,0.00181,0.99950,-0.03149,0.00174,0.03148,0.99949,0.00456,-0.00188,-0.00450,0.99999,-0.03144,0.00486,0.00191,1.80710
5531265453920227,9052154,0.04800,0.00900,0.05800,-0.18000,0.32400,0.18000,0.00000,0.00000,0.00000,0.00000,0.00380,-0.00399,0.00000,0.00399,0.00380,0.99968,-0.02485,-0.00476,0.02485,0.99969,-0.00132,0.00479,0.00120,0.99999,-0.02487,-0.00091,-0.00476,1.44969
5531265453920227,9052154,0.04800,0.00900,0.05800,-0.18000,0.32400,0.18000,0.00000,0.00000,0.00000,0.00000,0.00380,-0.00399,0.00000,0.00399,0.00380,0.99968,-0.02485,-0.00476,0.02485,0.99969,-0.00132,0.00479,0.00120,0.99999,-0.02487,-0.00091,-0.00476,1.44969
5531265519920150,9074000,0.00000,0.02800,0.00000,-0.18000,0.32400,0.21600,0.00000,0.00000,0.00000,0.00000,-0.00066,0.00069,0.00000,-0.00069,-0.00066,0.99973,-0.02339,0.00005,0.02339,0.99972,-0.00310,0.00002,0.00310,1.00000,-0.02342,-0.00283,0.00000,1.34027
5531265519920150,9074000,0.00000,0.02800,0.00000,-0.18000,0.32400,0.21600,0.00000,0.00000,0.00000,0.00000,-0.00066,0.00069,0.00000,-0.00069,-0.00066,0.99973,-0.02339,0.00005,0.02339,0.99972,-0.00310,0.00002,0.00310,1.00000,-0.02342,-0.00283,0.00000,1.34027
5531265585920688,9074615,0.02900,0.00000,0.00000,-0.18000,0.32400,0.28800,0.00000,0.00000,0.00000,0.00000,-0.00061,0.00063,0.00000,-0.00063,-0.00061,0.99966,-0.02587,-0.00295,0.02587,0.99967,-0.00037,0.00296,0.00030,1.00000,-0.02588,-0.00000,-0.00293,1.49213
5531265585920688,9074615,0.02900,0.00000,0.00000,-0.18000,0.32400,0.28800,0.00000,0.00000,0.00000,0.00000,-0.00061,0.00063,0.00000,-0.00063,-0.00061,0.99966,-0.02587,-0.00295,0.02587,0.99967,-0.00037,0.00296,0.00030,1.00000,-0.02588,-0.00000,-0.00293,1.49213
5531265651923458,9078077,0.02900,0.02800,0.00000,-0.14400,0.32400,0.28800,0.00000,0.00000,0.00000,0.00000,-0.00183,0.00191,0.00000,-0.00191,-0.00183,0.99972,-0.02339,-0.00288,0.02338,0.99972,-0.00317,0.00296,0.00310,0.99999,-0.02343,-0.00283,-0.00293,1.35060
5531265651923458,9078077,0.02900,0.02800,0.00000,-0.14400,0.32400,0.28800,0.00000,0.00000,0.00000,0.00000,-0.00183,0.00191,0.00000,-0.00191,-0.00183,0.99972,-0.02339,-0.00288,0.02338,0.99972,-0.00317,0.00296,0.00310,0.99999,-0.02343,-0.00283,-0.00293,1.35060
5531265717920612,9075000,0.02900,0.03700,0.00000,-0.14400,0.28800,0.32400,0.00000,0.00000,0.00000,0.00000,-0.00304,0.00316,0.00000,-0.00316,-0.00304,0.99981,-0.01949,-0.00288,0.01948,0.99980,-0.00403,0.00295,0.00397,0.99999,-0.01954,-0.00374,-0.00293,1.12865
5531265717920612,9075000,0.02900,0.03700,0.00000,-0.14400,0.28800,0.32400,0.00000,0.00000,0.00000,0.00000,-0.00304,0.00316,0.00000,-0.00316,-0.00304,0.99981,-0.01949,-0.00288,0.01948,0.99980,-0.00403,0.00295,0.00397,0.99999,-0.01954,-0.00374,-0.00293,1.12865
5531265783917765,9049769,0.05800,0.02800,-0.02900,-0.14400,0.18000,0.46800,0.00000,0.00000,0.00000,0.00000,-0.00541,0.00561,0.00000,-0.00561,-0.00541,0.99992,-0.01111,-0.00590,0.01110,0.99993,-0.00303,0.00593,0.00297,0.99998,-0.01115,-0.00284,-0.00592,0.72091
5531265783917765,9049769,0.05800,0.02800,-0.02900,-0.14400,0.18000,0.46800,0.00000,0.00000,0.00000,0.00000,-0.00541,0.00561,0.00000,-0.00561,-0.00541,0.99992,-0.01111,-0.00590,0.01110,0.99993,-0.00303,0.00593,0.00297,0.99998,-0.01115,-0.00284,-0.00592,0.72091
5531265849915688,9071230,0.00000,0.03700,-0.05700,-0.14400,0.18000,0.43200,0.00000,0.00000,0.00000,0.00000,-0.00847,0.00874,0.00000,-0.00874,-0.00847,0.99994,-0.01062,-0.00004,0.01062,0.99994,-0.00388,0.00008,0.00388,0.99999,-0.01066,-0.00376,-0.00007,0.60877
5531265849915688,9071230,0.00000,0.03700,-0.05700,-0.14400,0.18000,0.43200,0.00000,0.00000,0.00000,0.00000,-0.00847,0.00874,0.00000,-0.00874,-0.00847,0.99994,-0.01062,-0.00004,0.01062,0.99994,-0.00388,0.00008,0.00388,0.99999,-0.01066,-0.00376,-0.00007,0.60877
5531265915917688,9070153,0.02000,0.03700,-0.07600,-0.21600,0.21600,0.28800,0.00000,0.00000,0.00000,0.00000,-0.00058,0.00060,0.00000,-0.00060,-0.00058,0.99991,-0.01307,-0.00209,0.01307,0.99991,-0.00394,0.00214,0.00392,0.99999,-0.01312,-0.00377,-0.00213,0.75847
5531265915917688,9070153,0.02000,0.03700,-0.07600,-0.21600,0.21600,0.28800,0.00000,0.00000,0.00000,0.00000,-0.00058,0.00060,0.00000,-0.00060,-0.00058,0.99991,-0.01307,-0.00209,0.01307,0.99991,-0.00394,0.00214,0.00392,0.99999,-0.01312,-0.00377,-0.00213,0.75847
5531265981918919,9071538,-0.01900,0.00900,0.02900,-0.21600,0.21600,0.25200,0.00000,0.00000,0.00000,0.00000,-0.00217,0.00226,0.00000,-0.00226,-0.00217,0.99987,-0.01614,0.00195,0.01615,0.99987,-0.00107,-0.00193,0.00110,1.00000,-0.01616,-0.00091,0.00195,0.93188
5531265981918919,9071538,-0.01900,0.00900,0.02900,-0.21600,0.21600,0.25200,0.00000,0.00000,0.00000,0.00000,-0.00217,0.00226,0.00000,-0.00226,-0.00217,0.99987,-0.01614,0.00195,0.01615,0.99987,-0.00107,-0.00193,0.00110,1.00000,-0.01616,-0.00091,0.00195,0.93188
5531266047941765,3271538,0.05800,-0.01000,-0.00900,-0.18000,0.18000,0.18000,0.00000,0.00000,0.00000,0.00000,0.00434,-0.00456,0.00000,0.00456,0.00434,0.99988,-0.01465,-0.00591,0.01465,0.99989,0.00076,0.00590,-0.00084,0.99998,-0.01464,0.00101,-0.00588,0.90504
5531266047941765,3271538,0.05800,-0.01000,-0.00900,-0.18000,0.18000,0.18000,0.00000,0.00000,0.00000,0.00000,0.00434,-0.00456,0.00000,0.00456,0.00434,0.99988,-0.01465,-0.00591,0.01465,0.99989,0.00076,0.00590,-0.00084,0.99998,-0.01464,0.00101,-0.00588,0.90504
5531266113921996,9064000,0.00000,0.02800,-0.01900,-0.18000,0.18000,0.14400,0.00000,0.00000,0.00000,0.00000,0.00119,-0.00124,0.00000,0.00124,0.00119,0.99994,-0.01138,0.00000,0.01138,0.99993,-0.00297,0.00003,0.00297,1.00000,-0.01141,-0.00284,-0.00002,0.65252
5531266113921996,9064000,0.00000,0.02800,-0.01900,-0.18000,0.18000,0.14400,0.00000,0.00000,0.00000,0.00000,0.00119,-0.00124,0.00000,0.00124,0.00119,0.99994,-0.01138,0.00000,0.01138,0.99993,-0.00297,0.00003,0.00297,1.00000,-0.01141,-0.00284,-0.00002,0.65252
5531266179920996,9075615,0.02900,0.00900,-0.08600,-0.18000,0.18000,0.10800,0.00000,0.00000,0.00000,0.00000,0.00445,-0.00468,0.00000,0.00468,0.00445,0.99991,-0.01302,-0.00306,0.01302,0.99991,-0.00110,0.00307,0.00106,0.99999,-0.01303,-0.00091,-0.00306,0.76643
5531266179920996,9075615,0.02900,0.00900,-0.08600,-0.18000,0.18000,0.10800,0.00000,0.00000,0.00000,0.00000,0.00445,-0.00468,0.00000,0.00468,0.00445,0.99991,-0.01302,-0.00306,0.01302,0.99991,-0.00110,0.00307,0.00106,0.99999,-0.01303,-0.00091,-0.00306,0.76643
5531266245957073,9073000,0.02000,0.00000,0.03800,-0.18000,0.07200,-0.14400,0.00000,0.00000,0.00000,0.00000,0.01111,-0.01179,0.00000,0.01179,0.01111,0.99999,-0.00496,-0.00198,0.00496,0.99999,-0.00007,0.00198,0.00006,1.00000,-0.00496,-0.00000,-0.00197,0.30647
5531266245957073,9073000,0.02000,0.00000,0.03800,-0.18000,0.07200,-0.14400,0.00000,0.00000,0.00000,0.00000,0.01111,-0.01179,0.00000,0.01179,0.01111,0.99999,-0.00496,-0.00198,0.00496,0.99999,-0.00007,0.00198,0.00006,1.00000,-0.00496,-0.00000,-0.00197,0.30647
5531266311959996,9074384,0.02900,0.03700,-0.02900,-0.14400,0.07200,-0.14400,0.00000,0.00000,0.00000,0.00000,0.01058,-0.01123,0.00000,0.01123,0.01058,0.99999,-0.00158,-0.00297,0.00157,0.99999,-0.00377,0.00298,0.00377,0.99999,-0.00163,-0.00375,-0.00298,0.19281
5531266311959996,9074384,0.02900,0.03700,-0.02900,-0.14400,0.07200,-0.14400,0.00000,0.00000,0.00000,0.00000,0.01058,-0.01123,0.00000,0.01123,0.01058,0.99999,-0.00158,-0.00297,0.00157,0.99999,-0.00377,0.00298,0.00377,0.99999,-0.00163,-0.00375,-0.00298,0.19281
5531266377960227,9067923,0.04800,-0.01000,0.02900,-0.14400,0.07200,-0.14400,0.00000,0.00000,0.00000,0.00000,0.01204,-0.01280,0.00000,0.01280,0.01204,0.99997,-0.00592,-0.00482,0.00593,0.99998,0.00091,0.00481,-0.00094,0.99999,-0.00591,0.00101,-0.00481,0.43745
5531266377960227,9067923,0.04800,-0.01000,0.02900,-0.14400,0.07200,-0.14400,0.00000,0.00000,0.00000,0.00000,0.01204,-0.01280,0.00000,0.01280,0.01204,0.99997,-0.00592,-0.00482,0.00593,0.99998,0.00091,0.00481,-0.00094,0.99999,-0.00591,0.00101,-0.00481,0.43745
5531266443965458,9005923,0.01000,-0.04800,0.05800,-0.18000,0.07200,-0.14400,0.00000,0.00000,0.00000,0.00000,0.01063,-0.01128,0.00000,0.01128,0.01063,0.99995,-0.00954,-0.00099,0.00955,0.99994,0.00470,0.00095,-0.00471,0.99999,-0.00949,0.00482,-0.00094,0.55036
5531266443965458,9005923,0.01000,-0.04800,0.05800,-0.18000,0.07200,-0.14400,0.00000,0.00000,0.00000,0.00000,0.01063,-0.01128,0.00000,0.01128,0.01063,0.99995,-0.00954,-0.00099,0.00955,0.99994,0.00470,0.00095,-0.00471,0.99999,-0.00949,0.00482,-0.00094,0.55036
5531266509950688,9073153,0.02000,0.00000,-0.03800,-0.14400,0.07200,-0.14400,0.00000,0.00000,0.00000,0.00000,0.01014,-0.01075,0.00000,0.01075,0.01014,0.99998,-0.00516,-0.00208,0.00516,0.99999,-0.00007,0.00208,0.00006,1.00000,-0.00516,0.00000,-0.00208,0.31837
5531266509950688,9073153,0.02000,0.00000,-0.03800,-0.14400,0.07200,-0.14400,0.00000,0.00000,0.00000,0.00000,0.01014,-0.01075,0.00000,0.01075,0.01014,0.99998,-0.00516,-0.00208,0.00516,0.99999,-0.00007,0.00208,0.00006,1.00000,-0.00516,0.00000,-0.00208,0.31837
5531266575954381,9058616,0.01000,0.02800,-0.02900,-0.14400,0.07200,-0.14400,0.00000,0.00000,0.00000,0.00000,0.00931,-0.00987,0.00000,0.00987,0.00931,1.00000,-0.00255,-0.00104,0.00255,0.99999,-0.00287,0.00105,0.00287,1.00000,-0.00258,-0.00284,-0.00105,0.15826
5531266575954381,9058616,0.01000,0.02800,-0.02900,-0.14400,0.07200,-0.14400,0.00000,0.00000,0.00000,0.00000,0.00931,-0.00987,0.00000,0.00987,0.00931,1.00000,-0.00255,-0.00104,0.00255,0.99999,-0.00287,0.00105,0.00287,1.00000,-0.00258,-0.00284,-0.00105,0.15826
5531266643598842,-109231,-0.02800,0.03700,-0.07600,-0.14400,0.07200,-0.10800,0.00000,0.00000,0.00000,0.00000,0.00558,-0.00588,0.00000,0.00588,0.00558,0.99999,-0.00188,0.00277,0.00190,0.99999,-0.00378,-0.00276,0.00379,0.99999,-0.00193,-0.00377,0.00277,0.19180
5531266643598842,-109231,-0.02800,0.03700,-0.07600,-0.14400,0.07200,-0.10800,0.00000,0.00000,0.00000,0.00000,0.00558,-0.00588,0.00000,0.00588,0.00558,0.99999,-0.00188,0.00277,0.00190,0.99999,-0.00378,-0.00276,0.00379,0.99999,-0.00193,-0.00377,0.00277,0.19180
5531266707944150,6913077,0.04800,0.05600,-0.02900,-0.14400,0.10800,-0.07200,0.00000,0.00000,0.00000,0.00000,0.00970,-0.01028,0.00000,0.01028,0.00970,0.99998,-0.00265,-0.00489,0.00262,0.99998,-0.00572,0.00491,0.00571,0.99997,-0.00271,-0.00568,-0.00490,0.31959
5531266764892458,56948308,0.04800,0.00900,0.02900,-0.14400,0.10800,-0.07200,0.00000,0.00000,0.00000,0.00000,0.00985,-0.01044,0.00000,0.01044,0.00985,0.99996,-0.00713,-0.00481,0.00713,0.99997,-0.00103,0.00481,0.00099,0.99999,-0.00714,-0.00091,-0.00481,0.49337
5531266775059612,10167154,0.04800,0.00900,0.02900,-0.14400,0.10800,-0.07200,0.00000,0.00000,0.00000,0.00000,0.00985,-0.01044,0.00000,0.01044,0.00985,0.99996,-0.00713,-0.00481,0.00713,0.99997,-0.00103,0.00481,0.00099,0.99999,-0.00714,-0.00091,-0.00481,0.49337
5531266839958150,9076615,0.00000,0.04700,-0.00900,-0.18000,0.10800,-0.07200,0.00000,0.00000,0.00000,0.00000,0.00745,-0.00787,0.00000,0.00787,0.00745,0.99999,-0.00359,0.00000,0.00359,0.99998,-0.00480,0.00001,0.00480,0.99999,-0.00365,-0.00476,-0.00001,0.20653
5531266905916689,8289693,0.00000,0.00000,0.00000,-0.25200,0.21600,-0.10800,0.00000,0.00000,0.00000,0.00000,0.01104,-0.01173,0.00000,0.01173,0.01104,0.99986,-0.01664,-0.00001,0.01664,0.99986,-0.00019,0.00002,0.00019,1.00000,-0.01664,0.00000,0.00000,0.95388
5531266905916689,8289693,0.00000,0.00000,0.00000,-0.25200,0.21600,-0.10800,0.00000,0.00000,0.00000,0.00000,0.01104,-0.01173,0.00000,0.01173,0.01104,0.99986,-0.01664,-0.00001,0.01664,0.99986,-0.00019,0.00002,0.00019,1.00000,-0.01664,0.00000,0.00000,0.95388
5531266971925919,9078538,0.02000,0.02800,-0.07600,-0.21600,0.21600,-0.07200,0.00000,0.00000,0.00000,0.00000,0.01022,-0.01084,0.00000,0.01084,0.01022,0.99990,-0.01405,-0.00210,0.01404,0.99990,-0.00304,0.00214,0.00301,0.99999,-0.01409,-0.00285,-0.00213,0.81373
5531266971925919,9078538,0.02000,0.02800,-0.07600,-0.21600,0.21600,-0.07200,0.00000,0.00000,0.00000,0.00000,0.01022,-0.01084,0.00000,0.01084,0.01022,0.99990,-0.01405,-0.00210,0.01404,0.99990,-0.00304,0.00214,0.00301,0.99999,-0.01409,-0.00285,-0.00213,0.81373
5531267037967689,9087539,-0.00900,-0.01000,-0.00900,-0.21600,0.21600,-0.10800,0.00000,0.00000,0.00000,0.00000,0.00946,-0.01002,0.00000,0.01002,0.00946,0.99984,-0.01790,0.00087,0.01790,0.99984,0.00082,-0.00088,-0.00081,1.00000,-0.01789,0.00101,0.00090,1.02641
5531267037967689,9087539,-0.00900,-0.01000,-0.00900,-0.21600,0.21600,-0.10800,0.00000,0.00000,0.00000,0.00000,0.00946,-0.01002,0.00000,0.01002,0.00946,0.99984,-0.01790,0.00087,0.01790,0.99984,0.00082,-0.00088,-0.00081,1.00000,-0.01789,0.00101,0.00090,1.02641
5531267098229765,-6741154,0.05800,0.00900,0.00000,-0.21600,0.21600,-0.10800,0.00000,0.00000,0.00000,0.00000,0.01394,-0.01486,0.00000,0.01486,0.01394,0.99986,-0.01560,-0.00587,0.01560,0.99988,-0.00118,0.00588,0.00109,0.99998,-0.01561,-0.00091,-0.00587,0.95511
5531267169918535,8895616,-0.01900,-0.01900,0.00000,-0.18000,0.21600,-0.10800,0.00000,0.00000,0.00000,0.00000,0.00778,-0.00822,0.00000,0.00822,0.00778,0.99982,-0.01908,0.00187,0.01907,0.99982,0.00174,-0.00190,-0.00170,1.00000,-0.01906,0.00192,0.00192,1.09843
5531267169918535,8895616,-0.01900,-0.01900,0.00000,-0.18000,0.21600,-0.10800,0.00000,0.00000,0.00000,0.00000,0.00778,-0.00822,0.00000,0.00822,0.00778,0.99982,-0.01908,0.00187,0.01907,0.99982,0.00174,-0.00190,-0.00170,1.00000,-0.01906,0.00192,0.00192,1.09843
5531267235961227,9031769,0.05800,0.00000,-0.00900,-0.18000,0.21600,-0.03600,0.00000,0.00000,0.00000,0.00000,0.01081,-0.01147,0.00000,0.01147,0.01081,0.99984,-0.01668,-0.00590,0.01668,0.99986,-0.00029,0.00590,0.00019,0.99998,-0.01668,0.00000,-0.00588,1.01356
5531267292880765,56919538,-0.02800,0.00000,-0.04800,-0.18000,0.21600,-0.03600,0.00000,0.00000,0.00000,0.00000,0.00490,-0.00516,0.00000,0.00516,0.00490,0.99985,-0.01733,0.00278,0.01733,0.99985,-0.00015,-0.00277,0.00020,1.00000,-0.01733,0.00000,0.00279,1.00619
5531267302027535,9146770,-0.02800,0.00000,-0.04800,-0.18000,0.21600,-0.03600,0.00000,0.00000,0.00000,0.00000,0.00490,-0.00516,0.00000,0.00516,0.00490,0.99985,-0.01733,0.00278,0.01733,0.99985,-0.00015,-0.00277,0.00020,1.00000,-0.01733,0.00000,0.00279,1.00619
5531267367914073,6692615,0.05800,0.00000,0.05800,-0.18000,0.25200,0.03600,0.00000,0.00000,0.00000,0.00000,0.00866,-0.00916,0.00000,0.00916,0.00866,0.99979,-0.01967,-0.00578,0.01967,0.99981,-0.00035,0.00579,0.00023,0.99998,-0.01967,-0.00001,-0.00577,1.17437
5531267367914073,6692615,0.05800,0.00000,0.05800,-0.18000,0.25200,0.03600,0.00000,0.00000,0.00000,0.00000,0.00866,-0.00916,0.00000,0.00916,0.00866,0.99979,-0.01967,-0.00578,0.01967,0.99981,-0.00035,0.00579,0.00023,0.99998,-0.01967,-0.00001,-0.00577,1.17437
5531267433920304,9035154,-0.01900,0.00900,-0.05700,-0.18000,0.25200,0.03600,0.00000,0.00000,0.00000,0.00000,0.00340,-0.00357,0.00000,0.00357,0.00340,0.99981,-0.01940,0.00187,0.01940,0.99981,-0.00110,-0.00185,0.00113,1.00000,-0.01941,-0.00091,0.00187,1.11627
5531267490877458,56957154,0.02900,0.02800,-0.00900,-0.18000,0.25200,0.03600,0.00000,0.00000,0.00000,0.00000,0.00658,-0.00694,0.00000,0.00694,0.00658,0.99985,-0.01721,-0.00291,0.01720,0.99985,-0.00308,0.00296,0.00303,0.99999,-0.01724,-0.00283,-0.00295,1.00015
5531267500109689,9232231,0.02900,0.02800,-0.00900,-0.18000,0.25200,0.07200,0.00000,0.00000,0.00000,0.00000,0.00550,-0.00580,0.00000,0.00580,0.00550,0.99985,-0.01720,-0.00291,0.01719,0.99985,-0.00308,0.00296,0.00303,0.99999,-0.01723,-0.00283,-0.00295,0.99956
5531267565956458,9077385,0.00000,0.00000,-0.04800,-0.18000,0.25200,0.07200,0.00000,0.00000,0.00000,0.00000,0.00368,-0.00387,0.00000,0.00387,0.00368,0.99980,-0.02012,-0.00007,0.02012,0.99980,-0.00023,0.00008,0.00023,1.00000,-0.02012,0.00000,-0.00006,1.15318
5531267565956458,9077385,0.00000,0.00000,-0.04800,-0.18000,0.25200,0.07200,0.00000,0.00000,0.00000,0.00000,0.00368,-0.00387,0.00000,0.00387,0.00368,0.99980,-0.02012,-0.00007,0.02012,0.99980,-0.00023,0.00008,0.00023,1.00000,-0.02012,0.00000,-0.00006,1.15318
5531267631929919,8619461,0.04800,0.03700,0.01000,-0.21600,0.32400,0.57600,0.00000,0.00000,0.00000,0.00000,-0.00694,0.00718,0.00000,-0.00718,-0.00694,0.99975,-0.02175,-0.00477,0.02173,0.99976,-0.00410,0.00486,0.00399,0.99998,-0.02180,-0.00374,-0.00484,1.27656
5531267688846535,56916616,0.02000,0.00900,0.02900,-0.21600,0.32400,0.57600,0.00000,0.00000,0.00000,0.00000,-0.00876,0.00904,0.00000,-0.00904,-0.00876,0.99969,-0.02478,-0.00198,0.02478,0.99969,-0.00125,0.00201,0.00120,1.00000,-0.02480,-0.00091,-0.00198,1.42450
5531267697927689,9081154,0.02000,0.00900,0.02900,-0.21600,0.32400,0.61200,0.00000,0.00000,0.00000,0.00000,-0.00981,0.01011,0.00000,-0.01011,-0.00981,0.99969,-0.02478,-0.00198,0.02477,0.99969,-0.00125,0.00201,0.00120,1.00000,-0.02479,-0.00091,-0.00198,1.42437
5531267754907612,56979923,0.02900,0.02800,-0.01900,-0.21600,0.32400,0.61200,0.00000,0.00000,0.00000,0.00000,-0.00924,0.00953,0.00000,-0.00953,-0.00924,0.99974,-0.02279,-0.00291,0.02278,0.99974,-0.00317,0.00299,0.00310,0.99999,-0.02282,-0.00284,-0.00296,1.31641
5531267766471765,11564153,0.02900,0.02800,-0.01900,-0.21600,0.32400,0.61200,0.00000,0.00000,0.00000,0.00000,-0.00924,0.00953,0.00000,-0.00953,-0.00924,0.99974,-0.02279,-0.00291,0.02278,0.99974,-0.00317,0.00299,0.00310,0.99999,-0.02282,-0.00284,-0.00296,1.31641
5531267832897458,7424846,0.03900,-0.01000,0.05800,-0.21600,0.32400,0.57600,0.00000,0.00000,0.00000,0.00000,-0.00734,0.00758,0.00000,-0.00758,-0.00734,0.99964,-0.02650,-0.00390,0.02651,0.99965,0.00059,0.00388,-0.00070,0.99999,-0.02650,0.00100,-0.00386,1.53519
5531267832897458,7424846,0.03900,-0.01000,0.05800,-0.21600,0.32400,0.57600,0.00000,0.00000,0.00000,0.00000,-0.00734,0.00758,0.00000,-0.00758,-0.00734,0.99964,-0.02650,-0.00390,0.02651,0.99965,0.00059,0.00388,-0.00070,0.99999,-0.02650,0.00100,-0.00386,1.53519
5531267895931842,8306846,0.02900,0.00900,0.03800,-0.21600,0.32400,0.57600,0.00000,0.00000,0.00000,0.00000,-0.00813,0.00840,0.00000,-0.00840,-0.00813,0.99969,-0.02470,-0.00287,0.02470,0.99969,-0.00127,0.00290,0.00120,1.00000,-0.02472,-0.00091,-0.00288,1.42519
5531267952861535,56929693,0.03900,0.03700,0.05800,-0.21600,0.32400,0.57600,0.00000,0.00000,0.00000,0.00000,-0.00762,0.00788,0.00000,-0.00788,-0.00762,0.99975,-0.02185,-0.00379,0.02183,0.99975,-0.00406,0.00388,0.00398,0.99998,-0.02189,-0.00373,-0.00386,1.27026
5531267961943381,9081846,0.03900,0.03700,0.05800,-0.21600,0.32400,0.57600,0.00000,0.00000,0.00000,0.00000,-0.00762,0.00788,0.00000,-0.00788,-0.00762,0.99975,-0.02185,-0.00379,0.02183,0.99975,-0.00406,0.00388,0.00398,0.99998,-0.02189,-0.00373,-0.00386,1.27026
5531268027951689,9056385,-0.02800,0.00000,0.09600,-0.21600,0.28800,0.21600,0.00000,0.00000,0.00000,0.00000,-0.00154,0.00161,0.00000,-0.00161,-0.00154,0.99973,-0.02310,0.00290,0.02310,0.99973,-0.00021,-0.00289,0.00027,1.00000,-0.02310,-0.00001,0.00292,1.33398
5531268084871919,56920230,0.05800,0.00000,-0.01900,-0.21600,0.28800,0.21600,0.00000,0.00000,0.00000,0.00000,0.00452,-0.00475,0.00000,0.00475,0.00452,0.99973,-0.02239,-0.00592,0.02239,0.99975,-0.00039,0.00592,0.00026,0.99998,-0.02239,0.00000,-0.00590,1.32692
5531268093918919,9047000,0.05800,0.00000,-0.01900,-0.21600,0.28800,0.21600,0.00000,0.00000,0.00000,0.00000,0.00452,-0.00475,0.00000,0.00475,0.00452,0.99973,-0.02239,-0.00592,0.02239,0.99975,-0.00039,0.00592,0.00026,0.99998,-0.02239,0.00000,-0.00590,1.32692
5531268150849765,56930846,0.02000,-0.02900,0.00000,-0.21600,0.28800,0.21600,0.00000,0.00000,0.00000,0.00000,0.00204,-0.00213,0.00000,0.00213,0.00204,0.99967,-0.02552,-0.00212,0.02552,0.99967,0.00259,0.00205,-0.00264,0.99999,-0.02549,0.00293,-0.00202,1.46714
5531268160823535,9973770,0.02000,-0.02900,0.00000,-0.36000,0.18000,0.14400,0.00000,0.00000,0.00000,0.00000,0.00803,-0.00849,0.00000,0.00849,0.00803,0.99988,-0.01560,-0.00208,0.01561,0.99987,0.00272,0.00204,-0.00275,0.99999,-0.01557,0.00293,-0.00202,0.90179
5531268225955304,9096231,-0.01900,0.05600,-0.01900,-0.36000,0.21600,0.14400,0.00000,0.00000,0.00000,0.00000,0.00499,-0.00525,0.00000,0.00525,0.00499,0.99994,-0.01068,0.00196,0.01069,0.99993,-0.00578,-0.00189,0.00580,0.99998,-0.01075,-0.00568,0.00190,0.62150
5531268225955304,9096231,-0.01900,0.05600,-0.01900,-0.36000,0.21600,0.14400,0.00000,0.00000,0.00000,0.00000,0.00499,-0.00525,0.00000,0.00525,0.00499,0.99994,-0.01068,0.00196,0.01069,0.99993,-0.00578,-0.00189,0.00580,0.99998,-0.01075,-0.00568,0.00190,0.62150
5531268291960381,6978385,0.03900,-0.03800,0.00000,-0.32400,0.25200,0.14400,0.00000,0.00000,0.00000,0.00000,0.00854,-0.00904,0.00000,0.00904,0.00854,0.99974,-0.02246,-0.00405,0.02247,0.99974,0.00350,0.00397,-0.00359,0.99999,-0.02242,0.00384,-0.00395,1.30746
5531268357920919,9075846,-0.00900,-0.01000,0.01000,-0.32400,0.25200,0.14400,0.00000,0.00000,0.00000,0.00000,0.00506,-0.00533,0.00000,0.00533,0.00506,0.99980,-0.02017,0.00088,0.02017,0.99980,0.00080,-0.00090,-0.00078,1.00000,-0.02016,0.00101,0.00092,1.15674
5531268357920919,9075846,-0.00900,-0.01000,0.01000,-0.32400,0.25200,0.14400,0.00000,0.00000,0.00000,0.00000,0.00506,-0.00533,0.00000,0.00533,0.00506,0.99980,-0.02017,0.00088,0.02017,0.99980,0.00080,-0.00090,-0.00078,1.00000,-0.02016,0.00101,0.00092,1.15674
5531268423919612,9070077,0.08700,-0.01000,0.02900,-0.28800,0.25200,0.10800,0.00000,0.00000,0.00000,0.00000,0.01168,-0.01241,0.00000,0.01241,0.01168,0.99977,-0.01965,-0.00877,0.01966,0.99981,0.00061,0.00876,-0.00078,0.99996,-0.01964,0.00101,-0.00874,1.23337
5531268423919612,9070077,0.08700,-0.01000,0.02900,-0.28800,0.25200,0.10800,0.00000,0.00000,0.00000,0.00000,0.01168,-0.01241,0.00000,0.01241,0.01168,0.99977,-0.01965,-0.00877,0.01966,0.99981,0.00061,0.00876,-0.00078,0.99996,-0.01964,0.00101,-0.00874,1.23337
5531268489951689,9044462,-0.04700,-0.01000,0.07700,-0.28800,0.25200,0.14400,0.00000,0.00000,0.00000,0.00000,0.00137,-0.00143,0.00000,0.00143,0.00137,0.99977,-0.02072,0.00477,0.02072,0.99979,0.00086,-0.00479,-0.00076,0.99999,-0.02071,0.00100,0.00481,1.21820
5531268555939150,8101923,0.02900,0.03700,0.08600,-0.32400,0.25200,0.14400,0.00000,0.00000,0.00000,0.00000,0.00735,-0.00776,0.00000,0.00776,0.00735,0.99988,-0.01541,-0.00276,0.01540,0.99987,-0.00394,0.00282,0.00390,0.99999,-0.01546,-0.00372,-0.00281,0.89766
5531268555939150,8101923,0.02900,0.03700,0.08600,-0.32400,0.25200,0.14400,0.00000,0.00000,0.00000,0.00000,0.00735,-0.00776,0.00000,0.00776,0.00735,0.99988,-0.01541,-0.00276,0.01540,0.99987,-0.00394,0.00282,0.00390,0.99999,-0.01546,-0.00372,-0.00281,0.89766
5531268621931073,9074154,0.00000,0.00900,-0.05700,-0.32400,0.21600,0.10800,0.00000,0.00000,0.00000,0.00000,0.00662,-0.00699,0.00000,0.00699,0.00662,0.99988,-0.01531,-0.00007,0.01531,0.99988,-0.00109,0.00008,0.00109,1.00000,-0.01532,-0.00091,-0.00007,0.87693
5531268621931073,9074154,0.00000,0.00900,-0.05700,-0.32400,0.21600,0.10800,0.00000,0.00000,0.00000,0.00000,0.00662,-0.00699,0.00000,0.00699,0.00662,0.99988,-0.01531,-0.00007,0.01531,0.99988,-0.00109,0.00008,0.00109,1.00000,-0.01532,-0.00091,-0.00007,0.87693
5531268687961150,8898308,0.02900,0.00900,-0.02900,-0.32400,0.21600,0.07200,0.00000,0.00000,0.00000,0.00000,0.00967,-0.01025,0.00000,0.01025,0.00967,0.99988,-0.01510,-0.00297,0.01509,0.99989,-0.00113,0.00299,0.00108,0.99999,-0.01511,-0.00091,-0.00298,0.88182
5531268744967073,57005923,-0.00900,0.00900,-0.03800,-0.32400,0.21600,0.07200,0.00000,0.00000,0.00000,0.00000,0.00706,-0.00745,0.00000,0.00745,0.00706,0.99988,-0.01538,0.00087,0.01538,0.99988,-0.00107,-0.00085,0.00109,1.00000,-0.01539,-0.00091,0.00087,0.88271
5531268757802535,12835462,-0.00900,0.00900,-0.03800,-0.32400,0.21600,0.07200,0.00000,0.00000,0.00000,0.00000,0.00706,-0.00745,0.00000,0.00745,0.00706,0.99988,-0.01538,0.00087,0.01538,0.99988,-0.00107,-0.00085,0.00109,1.00000,-0.01539,-0.00091,0.00087,0.88271
5531268819921612,9078077,0.05800,0.02800,-0.05700,-0.32400,0.21600,0.07200,0.00000,0.00000,0.00000,0.00000,0.01160,-0.01233,0.00000,0.01233,0.01160,0.99990,-0.01308,-0.00594,0.01306,0.99991,-0.00307,0.00598,0.00299,0.99998,-0.01311,-0.00284,-0.00597,0.82353
5531268819921612,9078077,0.05800,0.02800,-0.05700,-0.32400,0.21600,0.07200,0.00000,0.00000,0.00000,0.00000,0.01160,-0.01233,0.00000,0.01233,0.01160,0.99990,-0.01308,-0.00594,0.01306,0.99991,-0.00307,0.00598,0.00299,0.99998,-0.01311,-0.00284,-0.00597,0.82353
5531268885954227,9069308,0.00000,0.08500,0.00000,-0.32400,0.21600,0.07200,0.00000,0.00000,0.00000,0.00000,0.00726,-0.00767,0.00000,0.00767,0.00726,0.99997,-0.00804,0.00006,0.00804,0.99993,-0.00869,0.00001,0.00869,0.99996,-0.00814,-0.00860,0.00000,0.46140
5531268942889073,56934846,-0.01900,0.00900,-0.00900,-0.32400,0.21600,0.07200,0.00000,0.00000,0.00000,0.00000,0.00634,-0.00669,0.00000,0.00669,0.00634,0.99988,-0.01545,0.00191,0.01545,0.99988,-0.00106,-0.00190,0.00109,1.00000,-0.01546,-0.00091,0.00191,0.89197
5531268955221227,12332154,-0.01900,0.00900,-0.00900,-0.28800,0.21600,0.07200,0.00000,0.00000,0.00000,0.00000,0.00532,-0.00560,0.00000,0.00560,0.00532,0.99988,-0.01568,0.00191,0.01569,0.99988,-0.00106,-0.00190,0.00109,1.00000,-0.01570,-0.00091,0.00191,0.90525
5531269017967842,9074076,0.08700,0.00900,-0.01900,-0.25200,0.21600,0.50400,0.00000,0.00000,0.00000,0.00000,-0.00110,0.00114,0.00000,-0.00114,-0.00110,0.99985,-0.01508,-0.00884,0.01507,0.99989,-0.00122,0.00885,0.00108,0.99996,-0.01509,-0.00091,-0.00884,1.00191
5531269074849766,56881924,0.02900,-0.01900,-0.04800,-0.25200,0.21600,0.50400,0.00000,0.00000,0.00000,0.00000,-0.00498,0.00517,0.00000,-0.00517,-0.00498,0.99983,-0.01830,-0.00305,0.01831,0.99983,0.00167,0.00302,-0.00173,0.99999,-0.01828,0.00194,-0.00300,1.06349
5531269083923842,9074076,0.02900,-0.01900,-0.04800,-0.25200,0.25200,0.50400,0.00000,0.00000,0.00000,0.00000,-0.00489,0.00508,0.00000,-0.00508,-0.00489,0.99977,-0.02128,-0.00306,0.02129,0.99977,0.00163,0.00303,-0.00169,0.99999,-0.02126,0.00194,-0.00300,1.23210
5531269149955150,9083769,0.05800,-0.01900,-0.01900,-0.14400,0.28800,0.68400,0.00000,0.00000,0.00000,0.00000,-0.01122,0.01154,0.00000,-0.01154,-0.01122,0.99967,-0.02479,-0.00597,0.02480,0.99969,0.00149,0.00593,-0.00164,0.99998,-0.02477,0.00193,-0.00590,1.46112
5531269149955150,9083769,0.05800,-0.01900,-0.01900,-0.14400,0.28800,0.68400,0.00000,0.00000,0.00000,0.00000,-0.01122,0.01154,0.00000,-0.01154,-0.01122,0.99967,-0.02479,-0.00597,0.02480,0.99969,0.00149,0.00593,-0.00164,0.99998,-0.02477,0.00193,-0.00590,1.46112
5531269215953996,9061230,0.01000,0.00900,0.01000,-0.14400,0.14400,0.61200,0.00000,0.00000,0.00000,0.00000,-0.01306,0.01339,0.00000,-0.01339,-0.01306,0.99995,-0.01034,-0.00100,0.01034,0.99995,-0.00104,0.00101,0.00103,1.00000,-0.01035,-0.00091,-0.00100,0.59545
5531269282017535,9105462,-0.01900,0.03700,0.00000,-0.14400,0.14400,0.57600,0.00000,0.00000,0.00000,0.00000,-0.01420,0.01453,0.00000,-0.01453,-0.01420,0.99997,-0.00771,0.00194,0.00771,0.99996,-0.00382,-0.00191,0.00383,0.99999,-0.00775,-0.00374,0.00192,0.45585
5531269282017535,9105462,-0.01900,0.03700,0.00000,-0.14400,0.14400,0.57600,0.00000,0.00000,0.00000,0.00000,-0.01420,0.01453,0.00000,-0.01453,-0.01420,0.99997,-0.00771,0.00194,0.00771,0.99996,-0.00382,-0.00191,0.00383,0.99999,-0.00775,-0.00374,0.00192,0.45585
5531269347928150,9086384,0.00000,-0.01900,-0.01900,-0.14400,0.14400,0.54000,0.00000,0.00000,0.00000,0.00000,-0.01148,0.01180,0.00000,-0.01180,-0.01148,0.99991,-0.01325,-0.00006,0.01325,0.99991,0.00177,0.00004,-0.00178,1.00000,-0.01323,0.00193,-0.00002,0.75976
5531269347928150,9086384,0.00000,-0.01900,-0.01900,-0.14400,0.14400,0.54000,0.00000,0.00000,0.00000,0.00000,-0.01148,0.01180,0.00000,-0.01180,-0.01148,0.99991,-0.01325,-0.00006,0.01325,0.99991,0.00177,0.00004,-0.00178,1.00000,-0.01323,0.00193,-0.00002,0.75976
5531269413936996,9039538,0.01000,0.03700,-0.03800,-0.18000,0.14400,0.54000,0.00000,0.00000,0.00000,0.00000,-0.00997,0.01027,0.00000,-0.01027,-0.00997,0.99997,-0.00730,-0.00104,0.00730,0.99997,-0.00385,0.00107,0.00384,0.99999,-0.00734,-0.00375,-0.00106,0.42151
5531269413936996,9039538,0.01000,0.03700,-0.03800,-0.18000,0.14400,0.54000,0.00000,0.00000,0.00000,0.00000,-0.00997,0.01027,0.00000,-0.01027,-0.00997,0.99997,-0.00730,-0.00104,0.00730,0.99997,-0.00385,0.00107,0.00384,0.99999,-0.00734,-0.00375,-0.00106,0.42151
5531269479940612,9063846,0.05800,-0.01000,0.01000,-0.18000,0.18000,0.46800,0.00000,0.00000,0.00000,0.00000,-0.00419,0.00436,0.00000,-0.00436,-0.00419,0.99988,-0.01466,-0.00588,0.01467,0.99989,0.00075,0.00586,-0.00084,0.99998,-0.01465,0.00101,-0.00585,0.90504
5531269536857612,56917000,0.00000,0.03700,0.05800,-0.18000,0.18000,0.46800,0.00000,0.00000,0.00000,0.00000,-0.00856,0.00883,0.00000,-0.00883,-0.00856,0.99995,-0.01043,0.00010,0.01043,0.99994,-0.00385,-0.00006,0.00385,0.99999,-0.01047,-0.00373,0.00007,0.59840
5531269545920996,9063384,0.00000,0.03700,0.05800,-0.18000,0.18000,0.46800,0.00000,0.00000,0.00000,0.00000,-0.00856,0.00883,0.00000,-0.00883,-0.00856,0.99995,-0.01043,0.00010,0.01043,0.99994,-0.00385,-0.00006,0.00385,0.99999,-0.01047,-0.00373,0.00007,0.59840
5531269602893381,56972385,0.05800,0.03700,-0.07600,-0.18000,0.18000,0.46800,0.00000,0.00000,0.00000,0.00000,-0.00434,0.00450,0.00000,-0.00450,-0.00434,0.99993,-0.00998,-0.00597,0.00996,0.99994,-0.00394,0.00601,0.00388,0.99997,-0.01003,-0.00377,-0.00600,0.66588
5531269613603535,10710154,0.05800,0.03700,-0.07600,-0.18000,0.18000,0.43200,0.00000,0.00000,0.00000,0.00000,-0.00328,0.00341,0.00000,-0.00341,-0.00328,0.99993,-0.00999,-0.00597,0.00997,0.99994,-0.00394,0.00601,0.00388,0.99997,-0.01004,-0.00377,-0.00600,0.66676
5531269677954150,9063538,-0.02800,0.00900,0.04800,-0.18000,0.18000,0.39600,0.00000,0.00000,0.00000,0.00000,-0.00824,0.00851,0.00000,-0.00851,-0.00824,0.99991,-0.01343,0.00288,0.01343,0.99991,-0.00103,-0.00286,0.00107,1.00000,-0.01344,-0.00091,0.00287,0.78659
5531269743964919,8996000,0.00000,-0.01000,-0.00900,-0.28800,0.32400,-0.07200,0.00000,0.00000,0.00000,0.00000,0.01131,-0.01201,0.00000,0.01201,0.01131,0.99965,-0.02628,-0.00006,0.02628,0.99965,0.00071,0.00004,-0.00071,1.00000,-0.02627,0.00101,-0.00001,1.50584
5531269743964919,8996000,0.00000,-0.01000,-0.00900,-0.28800,0.32400,-0.07200,0.00000,0.00000,0.00000,0.00000,0.01131,-0.01201,0.00000,0.01201,0.01131,0.99965,-0.02628,-0.00006,0.02628,0.99965,0.00071,0.00004,-0.00071,1.00000,-0.02627,0.00101,-0.00001,1.50584
5531269809957304,9077461,0.01000,0.00000,0.08600,-0.28800,0.36000,-0.07200,0.00000,0.00000,0.00000,0.00000,0.01194,-0.01269,0.00000,0.01269,0.01194,0.99960,-0.02822,-0.00092,0.02822,0.99960,-0.00036,0.00093,0.00033,1.00000,-0.02823,-0.00001,-0.00090,1.61834
5531269809957304,9077461,0.01000,0.00000,0.08600,-0.28800,0.36000,-0.07200,0.00000,0.00000,0.00000,0.00000,0.01194,-0.01269,0.00000,0.01269,0.01194,0.99960,-0.02822,-0.00092,0.02822,0.99960,-0.00036,0.00093,0.00033,1.00000,-0.02823,-0.00001,-0.00090,1.61834
5531269875966535,9070923,0.04800,0.00000,0.02900,-0.43200,0.32400,0.36000,0.00000,0.00000,0.00000,0.00000,0.00580,-0.00611,0.00000,0.00611,0.00580,0.99970,-0.02390,-0.00482,0.02390,0.99971,-0.00039,0.00483,0.00028,0.99999,-0.02390,-0.00000,-0.00481,1.39746
5531269875966535,9070923,0.04800,0.00000,0.02900,-0.43200,0.32400,0.36000,0.00000,0.00000,0.00000,0.00000,0.00580,-0.00611,0.00000,0.00611,0.00580,0.99970,-0.02390,-0.00482,0.02390,0.99971,-0.00039,0.00483,0.00028,0.99999,-0.02390,-0.00000,-0.00481,1.39746
5531269945111073,10378154,0.02900,0.03700,0.04800,-0.43200,0.32400,0.36000,0.00000,0.00000,0.00000,0.00000,0.00425,-0.00447,0.00000,0.00447,0.00425,0.99979,-0.02051,-0.00280,0.02050,0.99978,-0.00402,0.00288,0.00397,0.99999,-0.02056,-0.00373,-0.00286,1.18630
5531270007922073,9063230,0.02900,-0.01000,0.02900,-0.43200,0.32400,0.36000,0.00000,0.00000,0.00000,0.00000,0.00455,-0.00478,0.00000,0.00478,0.00455,0.99968,-0.02502,-0.00293,0.02502,0.99969,0.00064,0.00292,-0.00072,1.00000,-0.02501,0.00101,-0.00289,1.44361
5531270007922073,9063230,0.02900,-0.01000,0.02900,-0.43200,0.32400,0.36000,0.00000,0.00000,0.00000,0.00000,0.00455,-0.00478,0.00000,0.00478,0.00455,0.99968,-0.02502,-0.00293,0.02502,0.99969,0.00064,0.00292,-0.00072,1.00000,-0.02501,0.00101,-0.00289,1.44361
5531270073948381,8645077,0.02000,0.03700,0.01000,-0.39600,0.32400,0.36000,0.00000,0.00000,0.00000,0.00000,0.00264,-0.00277,0.00000,0.00277,0.00264,0.99978,-0.02081,-0.00195,0.02080,0.99978,-0.00402,0.00203,0.00398,0.99999,-0.02085,-0.00374,-0.00201,1.19763
5531270130889304,56940923,-0.01900,-0.01900,-0.01900,-0.39600,0.32400,0.36000,0.00000,0.00000,0.00000,0.00000,0.00029,-0.00030,0.00000,0.00030,0.00029,0.99965,-0.02657,0.00183,0.02657,0.99965,0.00167,-0.00188,-0.00162,1.00000,-0.02656,0.00193,0.00190,1.52624
5531270139963843,9074539,-0.01900,-0.01900,-0.01900,-0.39600,0.32400,0.36000,0.00000,0.00000,0.00000,0.00000,0.00029,-0.00030,0.00000,0.00030,0.00029,0.99965,-0.02657,0.00183,0.02657,0.99965,0.00167,-0.00188,-0.00162,1.00000,-0.02656,0.00193,0.00190,1.52624
5531270206369304,9507615,0.06700,-0.01900,0.02900,-0.36000,0.28800,0.32400,0.00000,0.00000,0.00000,0.00000,0.00614,-0.00647,0.00000,0.00647,0.00614,0.99971,-0.02313,-0.00678,0.02314,0.99973,0.00149,0.00675,-0.00165,0.99998,-0.02311,0.00191,-0.00672,1.38154
5531270206369304,9507615,0.06700,-0.01900,0.02900,-0.36000,0.28800,0.32400,0.00000,0.00000,0.00000,0.00000,0.00614,-0.00647,0.00000,0.00647,0.00614,0.99971,-0.02313,-0.00678,0.02314,0.99973,0.00149,0.00675,-0.00165,0.99998,-0.02311,0.00191,-0.00672,1.38154
5531270271941996,7517000,0.01000,-0.02900,-0.07600,-0.36000,0.28800,0.25200,0.00000,0.00000,0.00000,0.00000,0.00448,-0.00471,0.00000,0.00471,0.00448,0.99970,-0.02459,-0.00120,0.02459,0.99969,0.00265,0.00113,-0.00268,1.00000,-0.02456,0.00296,-0.00111,1.41070
5531270328872689,56930693,0.01000,0.11400,-0.01900,-0.36000,0.28800,0.25200,0.00000,0.00000,0.00000,0.00000,0.00363,-0.00382,0.00000,0.00382,0.00363,0.99994,-0.01074,-0.00092,0.01073,0.99987,-0.01169,0.00105,0.01168,0.99993,-0.01088,-0.01155,-0.00104,0.61771
5531270340010996,11138307,0.01000,0.11400,-0.01900,-0.36000,0.28800,0.21600,0.00000,0.00000,0.00000,0.00000,0.00470,-0.00494,0.00000,0.00494,0.00470,0.99994,-0.01078,-0.00092,0.01077,0.99987,-0.01169,0.00105,0.01168,0.99993,-0.01091,-0.01155,-0.00104,0.61960
5531270403958919,8993538,-0.02800,-0.01900,0.00000,-0.32400,0.25200,0.21600,0.00000,0.00000,0.00000,0.00000,0.00166,-0.00174,0.00000,0.00174,0.00166,0.99977,-0.02121,0.00277,0.02120,0.99977,0.00174,-0.00281,-0.00168,0.99999,-0.02119,0.00192,0.00283,1.22589
5531270460846227,56887308,0.02900,0.02800,0.04800,-0.32400,0.25200,0.21600,0.00000,0.00000,0.00000,0.00000,0.00530,-0.00559,0.00000,0.00559,0.00530,0.99986,-0.01623,-0.00283,0.01623,0.99986,-0.00306,0.00288,0.00301,0.99999,-0.01627,-0.00282,-0.00286,0.94460
5531270470077689,9231462,0.02900,0.02800,0.04800,-0.14400,0.28800,-0.10800,0.00000,0.00000,0.00000,0.00000,0.00990,-0.01050,0.00000,0.01050,0.00990,0.99979,-0.02050,-0.00282,0.02050,0.99979,-0.00312,0.00288,0.00306,0.99999,-0.02054,-0.00282,-0.00286,1.18614
5531270535979227,9132538,0.02900,0.04700,-0.02900,-0.14400,0.25200,-0.21600,0.00000,0.00000,0.00000,0.00000,0.01306,-0.01391,0.00000,0.01391,0.01306,0.99987,-0.01571,-0.00291,0.01570,0.99986,-0.00499,0.00299,0.00495,0.99998,-0.01577,-0.00477,-0.00298,0.91557
5531270535979227,9132538,0.02900,0.04700,-0.02900,-0.14400,0.25200,-0.21600,0.00000,0.00000,0.00000,0.00000,0.01306,-0.01391,0.00000,0.01391,0.01306,0.99987,-0.01571,-0.00291,0.01570,0.99986,-0.00499,0.00299,0.00495,0.99998,-0.01577,-0.00477,-0.00298,0.91557
5531270601959766,9082308,-0.01900,0.00900,0.02900,-0.14400,0.25200,-0.21600,0.00000,0.00000,0.00000,0.00000,0.00993,-0.01053,0.00000,0.01053,0.00993,0.99980,-0.01967,0.00195,0.01967,0.99981,-0.00110,-0.00193,0.00114,1.00000,-0.01968,-0.00091,0.00195,1.13263
5531270601959766,9082308,-0.01900,0.00900,0.02900,-0.14400,0.25200,-0.21600,0.00000,0.00000,0.00000,0.00000,0.00993,-0.01053,0.00000,0.01053,0.00993,0.99980,-0.01967,0.00195,0.01967,0.99981,-0.00110,-0.00193,0.00114,1.00000,-0.01968,-0.00091,0.00195,1.13263
5531270669490227,10446769,0.01000,0.00900,-0.12400,-0.28800,0.18000,-0.39600,0.00000,0.00000,0.00000,0.00000,0.02142,-0.02310,0.00000,0.02310,0.02142,0.99992,-0.01252,-0.00117,0.01252,0.99992,-0.00107,0.00118,0.00105,1.00000,-0.01253,-0.00091,-0.00117,0.72036
5531270733919535,9033000,0.02900,-0.01000,0.03800,-0.39600,0.28800,-0.68400,0.00000,0.00000,0.00000,0.00000,0.03458,-0.03804,0.00000,0.03804,0.03458,0.99975,-0.02228,-0.00292,0.02228,0.99975,0.00068,0.00290,-0.00075,1.00000,-0.02227,0.00100,-0.00288,1.28786
5531270733919535,9033000,0.02900,-0.01000,0.03800,-0.39600,0.28800,-0.68400,0.00000,0.00000,0.00000,0.00000,0.03458,-0.03804,0.00000,0.03804,0.03458,0.99975,-0.02228,-0.00292,0.02228,0.99975,0.00068,0.00290,-0.00075,1.00000,-0.02227,0.00100,-0.00288,1.28786
5531270799952920,9103462,0.02900,0.02800,0.00000,-0.39600,0.28800,-0.64800,0.00000,0.00000,0.00000,0.00000,0.03332,-0.03658,0.00000,0.03658,0.03332,0.99982,-0.01892,-0.00289,0.01891,0.99982,-0.00311,0.00295,0.00305,0.99999,-0.01895,-0.00283,-0.00293,1.09682
5531270799952920,9103462,0.02900,0.02800,0.00000,-0.39600,0.28800,-0.64800,0.00000,0.00000,0.00000,0.00000,0.03332,-0.03658,0.00000,0.03658,0.03332,0.99982,-0.01892,-0.00289,0.01891,0.99982,-0.00311,0.00295,0.00305,0.99999,-0.01895,-0.00283,-0.00293,1.09682
5531270865959304,9065154,0.00000,-0.07700,0.07700,-0.39600,0.25200,-0.61200,0.00000,0.00000,0.00000,0.00000,0.03075,-0.03363,0.00000,0.03363,0.03075,0.99968,-0.02548,-0.00013,0.02548,0.99965,0.00743,-0.00006,-0.00743,0.99997,-0.02540,0.00772,0.00009,1.46005
5531270931918920,8950847,0.04800,0.00000,0.00000,-0.28800,0.25200,-0.43200,0.00000,0.00000,0.00000,0.00000,0.02516,-0.02729,0.00000,0.02729,0.02516,0.99981,-0.01903,-0.00487,0.01903,0.99982,-0.00031,0.00488,0.00022,0.99999,-0.01903,-0.00000,-0.00486,1.12535
5531270931918920,8950847,0.04800,0.00000,0.00000,-0.28800,0.25200,-0.43200,0.00000,0.00000,0.00000,0.00000,0.02516,-0.02729,0.00000,0.02729,0.02516,0.99981,-0.01903,-0.00487,0.01903,0.99982,-0.00031,0.00488,0.00022,0.99999,-0.01903,-0.00000,-0.00486,1.12535
5531270997919304,9070461,0.00000,-0.01900,0.08600,-0.25200,0.25200,-0.39600,0.00000,0.00000,0.00000,0.00000,0.01988,-0.02139,0.00000,0.02139,0.01988,0.99977,-0.02137,0.00004,0.02137,0.99977,0.00165,-0.00008,-0.00165,1.00000,-0.02135,0.00190,0.00010,1.22461
5531270997919304,9070461,0.00000,-0.01900,0.08600,-0.25200,0.25200,-0.39600,0.00000,0.00000,0.00000,0.00000,0.01988,-0.02139,0.00000,0.02139,0.01988,0.99977,-0.02137,0.00004,0.02137,0.99977,0.00165,-0.00008,-0.00165,1.00000,-0.02135,0.00190,0.00010,1.22461
5531271063978304,5485846,0.03900,0.00000,0.00000,-0.25200,0.25200,-0.36000,0.00000,0.00000,0.00000,0.00000,0.02138,-0.02306,0.00000,0.02306,0.02138,0.99981,-0.01934,-0.00396,0.01933,0.99981,-0.00030,0.00397,0.00022,0.99999,-0.01934,-0.00000,-0.00395,1.13090
5531271129959996,9088384,-0.00900,-0.01900,-0.00900,-0.25200,0.25200,-0.36000,0.00000,0.00000,0.00000,0.00000,0.01825,-0.01959,0.00000,0.01959,0.01825,0.99977,-0.02146,0.00084,0.02146,0.99977,0.00170,-0.00088,-0.00168,1.00000,-0.02144,0.00192,0.00090,1.23035
5531271129959996,9088384,-0.00900,-0.01900,-0.00900,-0.25200,0.25200,-0.36000,0.00000,0.00000,0.00000,0.00000,0.01825,-0.01959,0.00000,0.01959,0.01825,0.99977,-0.02146,0.00084,0.02146,0.99977,0.00170,-0.00088,-0.00168,1.00000,-0.02144,0.00192,0.00090,1.23035
5531271195927227,8579307,0.02000,0.03700,-0.02900,-0.25200,0.25200,-0.39600,0.00000,0.00000,0.00000,0.00000,0.02102,-0.02265,0.00000,0.02265,0.02102,0.99987,-0.01607,-0.00202,0.01606,0.99986,-0.00397,0.00208,0.00394,0.99999,-0.01612,-0.00375,-0.00206,0.92767
5531271252846766,56919539,0.01000,0.00000,-0.01900,-0.25200,0.25200,-0.39600,0.00000,0.00000,0.00000,0.00000,0.02053,-0.02211,0.00000,0.02211,0.02053,0.99981,-0.01955,-0.00105,0.01955,0.99981,-0.00024,0.00106,0.00022,1.00000,-0.01956,0.00000,-0.00104,1.12222
5531271261921996,9075230,0.01000,0.00000,-0.01900,-0.25200,0.25200,-0.39600,0.00000,0.00000,0.00000,0.00000,0.02053,-0.02211,0.00000,0.02211,0.02053,0.99981,-0.01955,-0.00105,0.01955,0.99981,-0.00024,0.00106,0.00022,1.00000,-0.01956,0.00000,-0.00104,1.12222
5531271327952996,9088769,-0.00900,-0.01900,-0.01900,-0.25200,0.25200,-0.36000,0.00000,0.00000,0.00000,0.00000,0.01826,-0.01960,0.00000,0.01960,0.01826,0.99977,-0.02146,0.00083,0.02146,0.99977,0.00170,-0.00087,-0.00168,1.00000,-0.02144,0.00193,0.00089,1.23083
5531271327952996,9088769,-0.00900,-0.01900,-0.01900,-0.25200,0.25200,-0.36000,0.00000,0.00000,0.00000,0.00000,0.01826,-0.01960,0.00000,0.01960,0.01826,0.99977,-0.02146,0.00083,0.02146,0.99977,0.00170,-0.00087,-0.00168,1.00000,-0.02144,0.00193,0.00089,1.23083
5531271395447689,5416769,0.01000,-0.01900,-0.04800,-0.28800,0.21600,0.21600,0.00000,0.00000,0.00000,0.00000,0.00322,-0.00338,0.00000,0.00338,0.00322,0.99983,-0.01818,-0.00112,0.01818,0.99983,0.00171,0.00109,-0.00173,1.00000,-0.01816,0.00194,-0.00107,1.04343
5531271395447689,5416769,0.01000,-0.01900,-0.04800,-0.28800,0.21600,0.21600,0.00000,0.00000,0.00000,0.00000,0.00322,-0.00338,0.00000,0.00338,0.00322,0.99983,-0.01818,-0.00112,0.01818,0.99983,0.00171,0.00109,-0.00173,1.00000,-0.01816,0.00194,-0.00107,1.04343
5531271459931458,9072692,-0.00900,0.00000,0.04800,-0.25200,0.18000,0.25200,0.00000,0.00000,0.00000,0.00000,-0.00047,0.00049,0.00000,-0.00049,-0.00047,0.99991,-0.01372,0.00095,0.01372,0.99991,-0.00015,-0.00095,0.00016,1.00000,-0.01372,-0.00000,0.00096,0.78758
5531271516877458,56946000,0.05800,-0.01000,0.01000,-0.25200,0.18000,0.25200,0.00000,0.00000,0.00000,0.00000,0.00426,-0.00448,0.00000,0.00448,0.00426,0.99988,-0.01419,-0.00588,0.01420,0.99990,0.00076,0.00586,-0.00085,0.99998,-0.01418,0.00101,-0.00585,0.88049
5531271525954304,9076846,0.05800,-0.01000,0.01000,-0.25200,0.18000,0.25200,0.00000,0.00000,0.00000,0.00000,0.00426,-0.00448,0.00000,0.00448,0.00426,0.99988,-0.01419,-0.00588,0.01420,0.99990,0.00076,0.00586,-0.00085,0.99998,-0.01418,0.00101,-0.00585,0.88049
5531271591949227,9061231,0.02000,0.04700,-0.00900,-0.25200,0.14400,0.72000,0.00000,0.00000,0.00000,0.00000,-0.01247,0.01280,0.00000,-0.01280,-0.01247,0.99998,-0.00576,-0.00201,0.00575,0.99997,-0.00484,0.00204,0.00483,0.99999,-0.00581,-0.00476,-0.00204,0.34887
5531271648843150,56893923,-0.00900,0.00900,-0.00900,-0.25200,0.14400,0.72000,0.00000,0.00000,0.00000,0.00000,-0.01435,0.01468,0.00000,-0.01468,-0.01435,0.99995,-0.00982,0.00090,0.00982,0.99995,-0.00102,-0.00089,0.00102,1.00000,-0.00983,-0.00091,0.00090,0.56510
5531271657937073,9093923,-0.00900,0.00900,-0.00900,-0.14400,0.14400,0.68400,0.00000,0.00000,0.00000,0.00000,-0.01651,0.01685,0.00000,-0.01685,-0.01651,0.99994,-0.01047,0.00090,0.01048,0.99994,-0.00102,-0.00089,0.00103,1.00000,-0.01049,-0.00091,0.00090,0.60166
5531271714863227,56926154,-0.00900,0.08500,0.03800,-0.14400,0.14400,0.68400,0.00000,0.00000,0.00000,0.00000,-0.01692,0.01726,0.00000,-0.01726,-0.01692,1.00000,-0.00272,0.00097,0.00273,0.99996,-0.00860,-0.00095,0.00860,0.99996,-0.00282,-0.00857,0.00095,0.16432
5531271723928766,9065539,-0.00900,0.08500,0.03800,-0.21600,0.07200,0.43200,0.00000,0.00000,0.00000,0.00000,-0.00746,0.00771,0.00000,-0.00771,-0.00746,0.99999,0.00351,0.00092,-0.00350,0.99996,-0.00853,-0.00095,0.00853,0.99996,0.00341,-0.00857,0.00095,-0.20936
5531271789936843,9064462,0.01000,0.03700,0.01000,-0.03600,0.07200,0.28800,0.00000,0.00000,0.00000,0.00000,-0.00695,0.00719,0.00000,-0.00719,-0.00695,1.00000,-0.00216,-0.00099,0.00215,0.99999,-0.00377,0.00100,0.00377,0.99999,-0.00220,-0.00374,-0.00100,0.13706
5531271789936843,9064462,0.01000,0.03700,0.01000,-0.03600,0.07200,0.28800,0.00000,0.00000,0.00000,0.00000,-0.00695,0.00719,0.00000,-0.00719,-0.00695,1.00000,-0.00216,-0.00099,0.00215,0.99999,-0.00377,0.00100,0.00377,0.99999,-0.00220,-0.00374,-0.00100,0.13706
5531271855964227,9062692,0.04800,0.03700,0.00000,-0.07200,0.21600,0.32400,0.00000,0.00000,0.00000,0.00000,-0.00399,0.00414,0.00000,-0.00414,-0.00399,0.99989,-0.01380,-0.00482,0.01379,0.99990,-0.00397,0.00487,0.00390,0.99998,-0.01385,-0.00374,-0.00486,0.83767
5531271921919381,9078154,0.01000,0.00900,0.02900,-0.07200,0.21600,0.32400,0.00000,0.00000,0.00000,0.00000,-0.00653,0.00676,0.00000,-0.00676,-0.00653,0.99986,-0.01687,-0.00097,0.01687,0.99986,-0.00112,0.00099,0.00111,1.00000,-0.01688,-0.00091,-0.00097,0.96813
5531271921919381,9078154,0.01000,0.00900,0.02900,-0.07200,0.21600,0.32400,0.00000,0.00000,0.00000,0.00000,-0.00653,0.00676,0.00000,-0.00676,-0.00653,0.99986,-0.01687,-0.00097,0.01687,0.99986,-0.00112,0.00099,0.00111,1.00000,-0.01688,-0.00091,-0.00097,0.96813
5531271987922304,9064692,0.01000,-0.02900,-0.04800,0.03600,0.10800,0.50400,0.00000,0.00000,0.00000,0.00000,-0.01512,0.01546,0.00000,-0.01546,-0.01512,0.99992,-0.01229,-0.00112,0.01230,0.99992,0.00280,0.00108,-0.00281,1.00000,-0.01226,0.00295,-0.00107,0.70748
5531271987922304,9064692,0.01000,-0.02900,-0.04800,0.03600,0.10800,0.50400,0.00000,0.00000,0.00000,0.00000,-0.01512,0.01546,0.00000,-0.01546,-0.01512,0.99992,-0.01229,-0.00112,0.01230,0.99992,0.00280,0.00108,-0.00281,1.00000,-0.01226,0.00295,-0.00107,0.70748
5531272053927920,9080077,0.00000,0.00900,-0.03800,-0.03600,0.18000,0.36000,0.00000,0.00000,0.00000,0.00000,-0.00941,0.00970,0.00000,-0.00970,-0.00941,0.99990,-0.01414,-0.00004,0.01414,0.99990,-0.00107,0.00006,0.00107,1.00000,-0.01415,-0.00091,-0.00004,0.80988
5531272120270304,9347923,0.06700,0.00900,-0.05700,-0.03600,0.18000,0.36000,0.00000,0.00000,0.00000,0.00000,-0.00465,0.00482,0.00000,-0.00482,-0.00465,0.99988,-0.01363,-0.00688,0.01362,0.99991,-0.00116,0.00690,0.00107,0.99998,-0.01364,-0.00091,-0.00688,0.87536
5531272120270304,9347923,0.06700,0.00900,-0.05700,-0.03600,0.18000,0.36000,0.00000,0.00000,0.00000,0.00000,-0.00465,0.00482,0.00000,-0.00482,-0.00465,0.99988,-0.01363,-0.00688,0.01362,0.99991,-0.00116,0.00690,0.00107,0.99998,-0.01364,-0.00091,-0.00688,0.87536
5531272185934304,9073384,0.02900,-0.03800,-0.00900,-0.03600,0.18000,0.36000,0.00000,0.00000,0.00000,0.00000,-0.00713,0.00737,0.00000,-0.00737,-0.00713,0.99982,-0.01861,-0.00303,0.01862,0.99982,0.00358,0.00297,-0.00363,0.99999,-0.01857,0.00385,-0.00295,1.08083
5531272185934304,9073384,0.02900,-0.03800,-0.00900,-0.03600,0.18000,0.36000,0.00000,0.00000,0.00000,0.00000,-0.00713,0.00737,0.00000,-0.00737,-0.00713,0.99982,-0.01861,-0.00303,0.01862,0.99982,0.00358,0.00297,-0.00363,0.99999,-0.01857,0.00385,-0.00295,1.08083
5531272251962920,9069616,0.05800,0.03700,0.05800,-0.10800,0.14400,0.25200,0.00000,0.00000,0.00000,0.00000,-0.00030,0.00031,0.00000,-0.00031,-0.00030,0.99996,-0.00753,-0.00574,0.00751,0.99996,-0.00386,0.00577,0.00381,0.99998,-0.00758,-0.00373,-0.00577,0.54212
5531272251962920,9069616,0.05800,0.03700,0.05800,-0.10800,0.14400,0.25200,0.00000,0.00000,0.00000,0.00000,-0.00030,0.00031,0.00000,-0.00031,-0.00030,0.99996,-0.00753,-0.00574,0.00751,0.99996,-0.00386,0.00577,0.00381,0.99998,-0.00758,-0.00373,-0.00577,0.54212
5531272319646920,10500000,0.02000,0.03700,-0.03800,-0.07200,0.25200,0.39600,0.00000,0.00000,0.00000,0.00000,-0.00798,0.00825,0.00000,-0.00825,-0.00798,0.99985,-0.01699,-0.00203,0.01699,0.99985,-0.00399,0.00209,0.00395,0.99999,-0.01704,-0.00375,-0.00208,0.98059
5531272383924150,9063769,-0.00900,-0.03800,0.05800,-0.07200,0.25200,0.36000,0.00000,0.00000,0.00000,0.00000,-0.00860,0.00887,0.00000,-0.00887,-0.00860,0.99969,-0.02472,0.00086,0.02472,0.99969,0.00355,-0.00095,-0.00353,0.99999,-0.02469,0.00382,0.00097,1.41762
5531272383924150,9063769,-0.00900,-0.03800,0.05800,-0.07200,0.25200,0.36000,0.00000,0.00000,0.00000,0.00000,-0.00860,0.00887,0.00000,-0.00887,-0.00860,0.99969,-0.02472,0.00086,0.02472,0.99969,0.00355,-0.00095,-0.00353,0.99999,-0.02469,0.00382,0.00097,1.41762
5531272449945843,9060231,0.01000,0.00900,-0.07600,-0.07200,0.25200,0.32400,0.00000,0.00000,0.00000,0.00000,-0.00635,0.00658,0.00000,-0.00658,-0.00635,0.99980,-0.01988,-0.00111,0.01988,0.99980,-0.00116,0.00113,0.00114,1.00000,-0.01990,-0.00091,-0.00111,1.14107
5531272506888381,56942538,0.01000,0.03700,-0.03800,-0.07200,0.25200,0.32400,0.00000,0.00000,0.00000,0.00000,-0.00655,0.00678,0.00000,-0.00678,-0.00655,0.99985,-0.01709,-0.00101,0.01709,0.99985,-0.00397,0.00108,0.00395,0.99999,-0.01714,-0.00375,-0.00106,0.98118
5531272515967458,9079077,0.01000,0.03700,-0.03800,-0.07200,0.25200,0.25200,0.00000,0.00000,0.00000,0.00000,-0.00440,0.00456,0.00000,-0.00456,-0.00440,0.99985,-0.01712,-0.00101,0.01711,0.99985,-0.00397,0.00108,0.00395,0.99999,-0.01716,-0.00375,-0.00106,0.98238
5531272582102535,9229846,0.08700,-0.03800,0.00000,-0.07200,0.25200,0.21600,0.00000,0.00000,0.00000,0.00000,0.00245,-0.00257,0.00000,0.00257,0.00245,0.99968,-0.02385,-0.00891,0.02388,0.99971,0.00336,0.00883,-0.00357,0.99995,-0.02381,0.00384,-0.00880,1.45884
5531272582102535,9229846,0.08700,-0.03800,0.00000,-0.07200,0.25200,0.21600,0.00000,0.00000,0.00000,0.00000,0.00245,-0.00257,0.00000,0.00257,0.00245,0.99968,-0.02385,-0.00891,0.02388,0.99971,0.00336,0.00883,-0.00357,0.99995,-0.02381,0.00384,-0.00880,1.45884
5531272647942689,8663462,0.02900,0.04700,0.00000,-0.07200,0.25200,0.14400,0.00000,0.00000,0.00000,0.00000,0.00008,-0.00008,0.00000,0.00008,0.00008,0.99987,-0.01605,-0.00287,0.01603,0.99986,-0.00499,0.00295,0.00494,0.99998,-0.01610,-0.00476,-0.00293,0.93440
5531272713944304,9016538,0.03900,0.04700,0.04800,-0.07200,0.25200,0.14400,0.00000,0.00000,0.00000,0.00000,0.00073,-0.00076,0.00000,0.00076,0.00073,0.99986,-0.01600,-0.00381,0.01598,0.99986,-0.00498,0.00389,0.00492,0.99998,-0.01606,-0.00474,-0.00387,0.94253
5531272713944304,9016538,0.03900,0.04700,0.04800,-0.07200,0.25200,0.14400,0.00000,0.00000,0.00000,0.00000,0.00073,-0.00076,0.00000,0.00076,0.00073,0.99986,-0.01600,-0.00381,0.01598,0.99986,-0.00498,0.00389,0.00492,0.99998,-0.01606,-0.00474,-0.00387,0.94253
5531272779964997,9081000,-0.00900,0.02800,0.01000,-0.07200,0.25200,0.10800,0.00000,0.00000,0.00000,0.00000,-0.00139,0.00145,0.00000,-0.00145,-0.00139,0.99983,-0.01820,0.00096,0.01821,0.99983,-0.00302,-0.00090,0.00304,0.99999,-0.01824,-0.00283,0.00092,1.04436
5531272845917073,7723384,0.05800,-0.01000,0.02900,-0.07200,0.25200,0.10800,0.00000,0.00000,0.00000,0.00000,0.00346,-0.00364,0.00000,0.00364,0.00346,0.99975,-0.02137,-0.00585,0.02137,0.99977,0.00063,0.00584,-0.00076,0.99998,-0.02136,0.00101,-0.00582,1.26980
5531272845917073,7723384,0.05800,-0.01000,0.02900,-0.07200,0.25200,0.10800,0.00000,0.00000,0.00000,0.00000,0.00346,-0.00364,0.00000,0.00364,0.00346,0.99975,-0.02137,-0.00585,0.02137,0.99977,0.00063,0.00584,-0.00076,0.99998,-0.02136,0.00101,-0.00582,1.26980
5531272912032843,9184077,0.05800,0.00000,0.02900,-0.07200,0.25200,0.10800,0.00000,0.00000,0.00000,0.00000,0.00340,-0.00358,0.00000,0.00358,0.00340,0.99977,-0.02040,-0.00583,0.02040,0.99979,-0.00036,0.00584,0.00024,0.99998,-0.02041,-0.00000,-0.00582,1.21611
5531272912032843,9184077,0.05800,0.00000,0.02900,-0.07200,0.25200,0.10800,0.00000,0.00000,0.00000,0.00000,0.00340,-0.00358,0.00000,0.00358,0.00340,0.99977,-0.02040,-0.00583,0.02040,0.99979,-0.00036,0.00584,0.00024,0.99998,-0.02041,-0.00000,-0.00582,1.21611
5531272977946381,9024000,0.03900,0.02800,-0.00900,-0.07200,0.25200,0.07200,0.00000,0.00000,0.00000,0.00000,0.00305,-0.00320,0.00000,0.00320,0.00305,0.99983,-0.01784,-0.00392,0.01783,0.99984,-0.00311,0.00398,0.00304,0.99999,-0.01788,-0.00283,-0.00396,1.04661
5531272977946381,9024000,0.03900,0.02800,-0.00900,-0.07200,0.25200,0.07200,0.00000,0.00000,0.00000,0.00000,0.00305,-0.00320,0.00000,0.00320,0.00305,0.99983,-0.01784,-0.00392,0.01783,0.99984,-0.00311,0.00398,0.00304,0.99999,-0.01788,-0.00283,-0.00396,1.04661
5531273044260150,8928230,-0.01900,0.04700,0.00000,-0.07200,0.25200,0.03600,0.00000,0.00000,0.00000,0.00000,-0.00001,0.00001,0.00000,-0.00001,-0.00001,0.99986,-0.01644,0.00199,0.01645,0.99985,-0.00491,-0.00191,0.00495,0.99999,-0.01649,-0.00476,0.00192,0.94874
5531273109919535,9079077,-0.00900,0.04700,0.03800,-0.07200,0.25200,0.03600,0.00000,0.00000,0.00000,0.00000,0.00066,-0.00069,0.00000,0.00069,0.00066,0.99987,-0.01638,0.00102,0.01639,0.99985,-0.00491,-0.00093,0.00493,0.99999,-0.01644,-0.00474,0.00095,0.94045
5531273109919535,9079077,-0.00900,0.04700,0.03800,-0.07200,0.25200,0.03600,0.00000,0.00000,0.00000,0.00000,0.00066,-0.00069,0.00000,0.00069,0.00066,0.99987,-0.01638,0.00102,0.01639,0.99985,-0.00491,-0.00093,0.00493,0.99999,-0.01644,-0.00474,0.00095,0.94045
5531273175921227,9070538,0.02900,-0.01000,0.00000,-0.10800,0.25200,0.07200,0.00000,0.00000,0.00000,0.00000,0.00362,-0.00380,0.00000,0.00380,0.00362,0.99977,-0.02135,-0.00297,0.02136,0.99977,0.00070,0.00296,-0.00077,1.00000,-0.02134,0.00101,-0.00293,1.23543
5531273232884458,56963231,0.05800,-0.01000,0.02900,-0.10800,0.25200,0.07200,0.00000,0.00000,0.00000,0.00000,0.00559,-0.00589,0.00000,0.00589,0.00559,0.99976,-0.02112,-0.00585,0.02112,0.99978,0.00064,0.00584,-0.00076,0.99998,-0.02111,0.00101,-0.00582,1.25570
5531273241962920,9078462,0.05800,-0.01000,0.02900,-0.10800,0.25200,0.10800,0.00000,0.00000,0.00000,0.00000,0.00451,-0.00475,0.00000,0.00475,0.00451,0.99976,-0.02112,-0.00585,0.02112,0.99978,0.00064,0.00584,-0.00076,0.99998,-0.02111,0.00101,-0.00582,1.25570
5531273312549920,7575308,0.04800,0.02800,0.03800,-0.14400,0.25200,0.14400,0.00000,0.00000,0.00000,0.00000,0.00357,-0.00375,0.00000,0.00375,0.00357,0.99984,-0.01729,-0.00476,0.01728,0.99985,-0.00311,0.00481,0.00302,0.99998,-0.01733,-0.00283,-0.00479,1.02774
5531273312549920,7575308,0.04800,0.02800,0.03800,-0.14400,0.25200,0.14400,0.00000,0.00000,0.00000,0.00000,0.00357,-0.00375,0.00000,0.00375,0.00357,0.99984,-0.01729,-0.00476,0.01728,0.99985,-0.00311,0.00481,0.00302,0.99998,-0.01733,-0.00283,-0.00479,1.02774
5531273373921766,9067462,0.00000,0.00000,-0.10500,-0.14400,0.25200,0.14400,0.00000,0.00000,0.00000,0.00000,0.00052,-0.00055,0.00000,0.00055,0.00052,0.99979,-0.02037,-0.00014,0.02037,0.99979,-0.00023,0.00014,0.00022,1.00000,-0.02037,0.00001,-0.00012,1.16718
5531273373921766,9067462,0.00000,0.00000,-0.10500,-0.14400,0.25200,0.14400,0.00000,0.00000,0.00000,0.00000,0.00052,-0.00055,0.00000,0.00055,0.00052,0.99979,-0.02037,-0.00014,0.02037,0.99979,-0.00023,0.00014,0.00022,1.00000,-0.02037,0.00001,-0.00012,1.16718
5531273439943689,7564000,0.00000,-0.01000,0.04800,-0.18000,0.25200,0.14400,0.00000,0.00000,0.00000,0.00000,0.00151,-0.00158,0.00000,0.00158,0.00151,0.99978,-0.02109,0.00002,0.02109,0.99978,0.00076,-0.00003,-0.00076,1.00000,-0.02108,0.00100,0.00006,1.20853
5531273496879304,56935615,0.03900,-0.04800,-0.01900,-0.18000,0.25200,0.14400,0.00000,0.00000,0.00000,0.00000,0.00450,-0.00473,0.00000,0.00473,0.00450,0.99969,-0.02444,-0.00411,0.02446,0.99969,0.00449,0.00400,-0.00459,0.99998,-0.02439,0.00487,-0.00398,1.42065
5531273562844689,53402923,0.00000,-0.02900,-0.03800,-0.18000,0.25200,0.10800,0.00000,0.00000,0.00000,0.00000,0.00277,-0.00290,0.00000,0.00290,0.00277,0.99974,-0.02294,-0.00013,0.02294,0.99973,0.00268,0.00007,-0.00268,1.00000,-0.02291,0.00295,-0.00004,1.31433
5531273571920997,9076308,0.00000,-0.02900,-0.03800,-0.18000,0.25200,0.07200,0.00000,0.00000,0.00000,0.00000,0.00384,-0.00404,0.00000,0.00404,0.00384,0.99974,-0.02293,-0.00013,0.02293,0.99973,0.00268,0.00007,-0.00268,1.00000,-0.02290,0.00295,-0.00004,1.31388
5531273628876227,56955230,0.06700,0.00900,-0.02900,-0.18000,0.25200,0.07200,0.00000,0.00000,0.00000,0.00000,0.00826,-0.00873,0.00000,0.00873,0.00826,0.99980,-0.01873,-0.00683,0.01872,0.99982,-0.00125,0.00685,0.00113,0.99998,-0.01874,-0.00091,-0.00683,1.14227
5531273638866689,9990462,0.06700,0.00900,-0.02900,-0.14400,0.25200,0.28800,0.00000,0.00000,0.00000,0.00000,0.00080,-0.00083,0.00000,0.00083,0.00080,0.99980,-0.01895,-0.00683,0.01894,0.99982,-0.00126,0.00685,0.00113,0.99998,-0.01896,-0.00091,-0.00683,1.15420
5531273703958612,8991000,0.02900,-0.01900,0.02900,-0.14400,0.25200,0.28800,0.00000,0.00000,0.00000,0.00000,-0.00176,0.00183,0.00000,-0.00183,-0.00176,0.99975,-0.02199,-0.00295,0.02200,0.99976,0.00160,0.00291,-0.00166,0.99999,-0.02197,0.00191,-0.00289,1.27180
5531273703958612,8991000,0.02900,-0.01900,0.02900,-0.14400,0.25200,0.28800,0.00000,0.00000,0.00000,0.00000,-0.00176,0.00183,0.00000,-0.00183,-0.00176,0.99975,-0.02199,-0.00295,0.02200,0.99976,0.00160,0.00291,-0.00166,0.99999,-0.02197,0.00191,-0.00289,1.27180
5531273770034150,5053923,0.00000,0.00000,0.01000,-0.10800,0.14400,0.03600,0.00000,0.00000,0.00000,0.00000,0.00238,-0.00249,0.00000,0.00249,0.00238,0.99993,-0.01155,0.00000,0.01155,0.99993,-0.00013,-0.00000,0.00013,1.00000,-0.01155,-0.00000,0.00001,0.66175
5531273835914227,9068153,-0.02800,-0.01900,0.02900,-0.10800,0.14400,0.03600,0.00000,0.00000,0.00000,0.00000,0.00052,-0.00054,0.00000,0.00054,0.00052,0.99990,-0.01360,0.00282,0.01359,0.99991,0.00180,-0.00284,-0.00176,0.99999,-0.01358,0.00191,0.00286,0.79623
5531273835914227,9068153,-0.02800,-0.01900,0.02900,-0.10800,0.14400,0.03600,0.00000,0.00000,0.00000,0.00000,0.00052,-0.00054,0.00000,0.00054,0.00052,0.99990,-0.01360,0.00282,0.01359,0.99991,0.00180,-0.00284,-0.00176,0.99999,-0.01358,0.00191,0.00286,0.79623
5531273901931381,9043231,0.01000,-0.10500,0.24000,-0.10800,0.14400,0.03600,0.00000,0.00000,0.00000,0.00000,0.00343,-0.00361,0.00000,0.00361,0.00343,0.99977,-0.02140,-0.00095,0.02141,0.99972,0.01009,0.00074,-0.01010,0.99995,-0.02128,0.01035,-0.00071,1.22749
5531273901931381,9043231,0.01000,-0.10500,0.24000,-0.10800,0.14400,0.03600,0.00000,0.00000,0.00000,0.00000,0.00343,-0.00361,0.00000,0.00361,0.00343,0.99977,-0.02140,-0.00095,0.02141,0.99972,0.01009,0.00074,-0.01010,0.99995,-0.02128,0.01035,-0.00071,1.22749
5531273967964227,9083538,0.02900,0.02800,-0.00900,-0.10800,0.14400,-0.03600,0.00000,0.00000,0.00000,0.00000,0.00643,-0.00679,0.00000,0.00679,0.00643,0.99996,-0.00865,-0.00293,0.00865,0.99996,-0.00296,0.00296,0.00293,0.99999,-0.00869,-0.00283,-0.00295,0.52377
5531274034047920,9056231,0.02900,-0.01900,-0.11500,-0.10800,0.14400,-0.10800,0.00000,0.00000,0.00000,0.00000,0.00896,-0.00948,0.00000,0.00948,0.00896,0.99991,-0.01317,-0.00314,0.01318,0.99991,0.00176,0.00312,-0.00180,0.99999,-0.01315,0.00196,-0.00310,0.77632
5531274034047920,9056231,0.02900,-0.01900,-0.11500,-0.10800,0.14400,-0.10800,0.00000,0.00000,0.00000,0.00000,0.00896,-0.00948,0.00000,0.00948,0.00896,0.99991,-0.01317,-0.00314,0.01318,0.99991,0.00176,0.00312,-0.00180,0.99999,-0.01315,0.00196,-0.00310,0.77632
5531274099922920,9073770,0.04800,0.00900,-0.09600,-0.10800,0.14400,-0.10800,0.00000,0.00000,0.00000,0.00000,0.01011,-0.01072,0.00000,0.01072,0.01011,0.99993,-0.01034,-0.00502,0.01034,0.99995,-0.00108,0.00503,0.00103,0.99999,-0.01036,-0.00091,-0.00502,0.65909
5531274099922920,9073770,0.04800,0.00900,-0.09600,-0.10800,0.14400,-0.10800,0.00000,0.00000,0.00000,0.00000,0.01011,-0.01072,0.00000,0.01072,0.01011,0.99993,-0.01034,-0.00502,0.01034,0.99995,-0.00108,0.00503,0.00103,0.99999,-0.01036,-0.00091,-0.00502,0.65909
5531274165991920,9111846,0.04800,-0.02900,-0.00900,-0.14400,0.14400,-0.10800,0.00000,0.00000,0.00000,0.00000,0.01124,-0.01194,0.00000,0.01194,0.01124,0.99989,-0.01373,-0.00492,0.01375,0.99990,0.00271,0.00488,-0.00278,0.99998,-0.01370,0.00294,-0.00487,0.83626
5531274231954920,9073308,0.02000,-0.01000,0.01000,-0.14400,0.14400,-0.10800,0.00000,0.00000,0.00000,0.00000,0.00920,-0.00975,0.00000,0.00975,0.00920,0.99992,-0.01214,-0.00203,0.01214,0.99993,0.00085,0.00202,-0.00087,1.00000,-0.01212,0.00101,-0.00201,0.70554
5531274298530766,9683923,0.02900,0.00900,0.00000,-0.14400,0.14400,-0.10800,0.00000,0.00000,0.00000,0.00000,0.00974,-0.01032,0.00000,0.01032,0.00974,0.99994,-0.01027,-0.00293,0.01026,0.99995,-0.00106,0.00294,0.00103,1.00000,-0.01028,-0.00091,-0.00293,0.61198
5531274298530766,9683923,0.02900,0.00900,0.00000,-0.14400,0.14400,-0.10800,0.00000,0.00000,0.00000,0.00000,0.00974,-0.01032,0.00000,0.01032,0.00974,0.99994,-0.01027,-0.00293,0.01026,0.99995,-0.00106,0.00294,0.00103,1.00000,-0.01028,-0.00091,-0.00293,0.61198
5531274363921689,9068077,0.03900,0.02800,0.00000,-0.14400,0.14400,-0.10800,0.00000,0.00000,0.00000,0.00000,0.01033,-0.01096,0.00000,0.01096,0.01033,0.99996,-0.00840,-0.00393,0.00838,0.99996,-0.00296,0.00395,0.00293,0.99999,-0.00843,-0.00283,-0.00395,0.53082
5531274420869612,56947923,0.00000,-0.01900,0.02900,-0.14400,0.14400,-0.10800,0.00000,0.00000,0.00000,0.00000,0.00786,-0.00831,0.00000,0.00831,0.00786,0.99991,-0.01313,-0.00000,0.01313,0.99991,0.00176,-0.00002,-0.00176,1.00000,-0.01311,0.00191,0.00003,0.75277
5531274429940381,9070769,0.00000,-0.01900,0.02900,-0.14400,0.14400,-0.14400,0.00000,0.00000,0.00000,0.00000,0.00895,-0.00947,0.00000,0.00947,0.00895,0.99991,-0.01313,-0.00000,0.01313,0.99991,0.00176,-0.00002,-0.00176,1.00000,-0.01311,0.00191,0.00003,0.75225
5531274495961689,9081462,0.07700,-0.01900,-0.01900,-0.25200,0.10800,-0.50400,0.00000,0.00000,0.00000,0.00000,0.02810,-0.03061,0.00000,0.03061,0.02810,0.99993,-0.00889,-0.00785,0.00891,0.99996,0.00176,0.00783,-0.00183,0.99997,-0.00887,0.00193,-0.00783,0.67955
5531274495961689,9081462,0.07700,-0.01900,-0.01900,-0.25200,0.10800,-0.50400,0.00000,0.00000,0.00000,0.00000,0.02810,-0.03061,0.00000,0.03061,0.02810,0.99993,-0.00889,-0.00785,0.00891,0.99996,0.00176,0.00783,-0.00183,0.99997,-0.00887,0.00193,-0.00783,0.67955
5531274561928535,7915000,-0.00900,0.04700,0.00000,-0.25200,0.10800,-0.50400,0.00000,0.00000,0.00000,0.00000,0.02201,-0.02375,0.00000,0.02375,0.02201,0.99999,-0.00342,0.00092,0.00342,0.99998,-0.00479,-0.00091,0.00480,0.99999,-0.00347,-0.00476,0.00091,0.20271
5531274627934920,9075462,0.04800,0.00000,0.00000,-0.25200,0.14400,-0.54000,0.00000,0.00000,0.00000,0.00000,0.02721,-0.02960,0.00000,0.02960,0.02721,0.99993,-0.01034,-0.00486,0.01034,0.99995,-0.00017,0.00487,0.00012,0.99999,-0.01035,-0.00000,-0.00486,0.65462
5531274627934920,9075462,0.04800,0.00000,0.00000,-0.25200,0.14400,-0.54000,0.00000,0.00000,0.00000,0.00000,0.02721,-0.02960,0.00000,0.02960,0.02721,0.99993,-0.01034,-0.00486,0.01034,0.99995,-0.00017,0.00487,0.00012,0.99999,-0.01035,-0.00000,-0.00486,0.65462
5531274693971612,9004231,0.01000,0.06600,-0.05700,-0.21600,0.14400,-0.54000,0.00000,0.00000,0.00000,0.00000,0.02340,-0.02531,0.00000,0.02531,0.02340,0.99999,-0.00476,-0.00106,0.00475,0.99997,-0.00677,0.00109,0.00677,0.99998,-0.00483,-0.00671,-0.00108,0.27976
5531274693971612,9004231,0.01000,0.06600,-0.05700,-0.21600,0.14400,-0.54000,0.00000,0.00000,0.00000,0.00000,0.02340,-0.02531,0.00000,0.02531,0.02340,0.99999,-0.00476,-0.00106,0.00475,0.99997,-0.00677,0.00109,0.00677,0.99998,-0.00483,-0.00671,-0.00108,0.27976
5531274760932381,5959000,0.02900,0.00900,0.08600,-0.21600,0.14400,-0.50400,0.00000,0.00000,0.00000,0.00000,0.02372,-0.02566,0.00000,0.02566,0.02372,0.99995,-0.00987,-0.00281,0.00987,0.99995,-0.00105,0.00282,0.00102,1.00000,-0.00989,-0.00091,-0.00281,0.58817
5531274825933689,9088308,0.02900,0.00900,0.00000,-0.03600,0.21600,-0.32400,0.00000,0.00000,0.00000,0.00000,0.01334,-0.01421,0.00000,0.01421,0.01334,0.99985,-0.01702,-0.00293,0.01702,0.99985,-0.00116,0.00295,0.00111,0.99999,-0.01703,-0.00091,-0.00293,0.98952
5531274825933689,9088308,0.02900,0.00900,0.00000,-0.03600,0.21600,-0.32400,0.00000,0.00000,0.00000,0.00000,0.01334,-0.01421,0.00000,0.01421,0.01334,0.99985,-0.01702,-0.00293,0.01702,0.99985,-0.00116,0.00295,0.00111,0.99999,-0.01703,-0.00091,-0.00293,0.98952
5531274891963227,9044538,0.02900,0.00900,0.03800,0.00000,0.10800,-0.21600,0.00000,0.00000,0.00000,0.00000,0.00872,-0.00923,0.00000,0.00923,0.00872,0.99996,-0.00812,-0.00288,0.00811,0.99997,-0.00103,0.00289,0.00100,1.00000,-0.00813,-0.00091,-0.00288,0.49337
5531274891963227,9044538,0.02900,0.00900,0.03800,0.00000,0.10800,-0.21600,0.00000,0.00000,0.00000,0.00000,0.00872,-0.00923,0.00000,0.00923,0.00872,0.99996,-0.00812,-0.00288,0.00811,0.99997,-0.00103,0.00289,0.00100,1.00000,-0.00813,-0.00091,-0.00288,0.49337
5531274957959151,6532616,0.01000,0.02800,0.02900,0.00000,0.10800,-0.21600,0.00000,0.00000,0.00000,0.00000,0.00733,-0.00774,0.00000,0.00774,0.00733,0.99998,-0.00643,-0.00096,0.00643,0.99998,-0.00291,0.00098,0.00290,1.00000,-0.00646,-0.00283,-0.00097,0.37325
5531275024804227,7897538,0.02900,0.05600,0.08600,0.00000,0.10800,-0.18000,0.00000,0.00000,0.00000,0.00000,0.00736,-0.00777,0.00000,0.00777,0.00736,0.99999,-0.00366,-0.00279,0.00364,0.99998,-0.00568,0.00281,0.00567,0.99998,-0.00373,-0.00562,-0.00281,0.26319
5531275024804227,7897538,0.02900,0.05600,0.08600,0.00000,0.10800,-0.18000,0.00000,0.00000,0.00000,0.00000,0.00736,-0.00777,0.00000,0.00777,0.00736,0.99999,-0.00366,-0.00279,0.00364,0.99998,-0.00568,0.00281,0.00567,0.99998,-0.00373,-0.00562,-0.00281,0.26319
5531275089943843,9055769,0.03900,0.00900,-0.04800,0.00000,0.10800,-0.18000,0.00000,0.00000,0.00000,0.00000,0.00840,-0.00889,0.00000,0.00889,0.00840,0.99996,-0.00804,-0.00402,0.00804,0.99997,-0.00104,0.00403,0.00100,0.99999,-0.00805,-0.00091,-0.00402,0.51586
5531275146860766,56916923,0.02000,-0.03800,-0.02900,0.00000,0.10800,-0.18000,0.00000,0.00000,0.00000,0.00000,0.00730,-0.00771,0.00000,0.00771,0.00730,0.99992,-0.01268,-0.00212,0.01269,0.99991,0.00369,0.00208,-0.00371,0.99999,-0.01264,0.00386,-0.00206,0.73728
5531275155939458,9078692,0.02000,-0.03800,-0.02900,0.00000,0.10800,-0.14400,0.00000,0.00000,0.00000,0.00000,0.00621,-0.00654,0.00000,0.00654,0.00621,0.99992,-0.01269,-0.00212,0.01270,0.99991,0.00369,0.00208,-0.00371,0.99999,-0.01265,0.00386,-0.00206,0.73728
5531275221949612,9059615,0.03900,0.05600,0.03800,0.00000,0.10800,-0.10800,0.00000,0.00000,0.00000,0.00000,0.00590,-0.00622,0.00000,0.00622,0.00590,0.99999,-0.00354,-0.00387,0.00352,0.99998,-0.00570,0.00389,0.00569,0.99998,-0.00361,-0.00565,-0.00389,0.30132
5531275221949612,9059615,0.03900,0.05600,0.03800,0.00000,0.10800,-0.10800,0.00000,0.00000,0.00000,0.00000,0.00590,-0.00622,0.00000,0.00622,0.00590,0.99999,-0.00354,-0.00387,0.00352,0.99998,-0.00570,0.00389,0.00569,0.99998,-0.00361,-0.00565,-0.00389,0.30132
5531275287933535,9080923,0.02900,0.00900,-0.04800,0.00000,0.10800,-0.07200,0.00000,0.00000,0.00000,0.00000,0.00442,-0.00465,0.00000,0.00465,0.00442,0.99996,-0.00810,-0.00300,0.00809,0.99997,-0.00103,0.00301,0.00100,0.99999,-0.00811,-0.00091,-0.00300,0.49496
5531275344901227,56967692,0.05800,-0.01000,-0.01900,0.00000,0.10800,-0.07200,0.00000,0.00000,0.00000,0.00000,0.00650,-0.00685,0.00000,0.00685,0.00650,0.99994,-0.00973,-0.00592,0.00974,0.99995,0.00085,0.00591,-0.00090,0.99998,-0.00972,0.00102,-0.00590,0.65222
5531275354627997,9726770,0.05800,-0.01000,-0.01900,0.00000,0.10800,-0.07200,0.00000,0.00000,0.00000,0.00000,0.00650,-0.00685,0.00000,0.00685,0.00650,0.99994,-0.00973,-0.00592,0.00974,0.99995,0.00085,0.00591,-0.00090,0.99998,-0.00972,0.00102,-0.00590,0.65222
5531275419958689,9066538,0.03900,0.03700,0.01000,-0.03600,0.10800,-0.07200,0.00000,0.00000,0.00000,0.00000,0.00598,-0.00630,0.00000,0.00630,0.00598,0.99998,-0.00513,-0.00392,0.00512,0.99998,-0.00382,0.00393,0.00380,0.99999,-0.00518,-0.00374,-0.00393,0.37009
5531275419958689,9066538,0.03900,0.03700,0.01000,-0.03600,0.10800,-0.07200,0.00000,0.00000,0.00000,0.00000,0.00598,-0.00630,0.00000,0.00630,0.00598,0.99998,-0.00513,-0.00392,0.00512,0.99998,-0.00382,0.00393,0.00380,0.99999,-0.00518,-0.00374,-0.00393,0.37009
5531275482173151,-5838230,0.08700,-0.01000,0.02900,-0.03600,0.10800,-0.03600,0.00000,0.00000,0.00000,0.00000,0.00840,-0.00889,0.00000,0.00889,0.00840,0.99992,-0.00931,-0.00876,0.00932,0.99996,0.00082,0.00875,-0.00090,0.99996,-0.00930,0.00101,-0.00874,0.73302
5531275551922997,9068308,0.00000,-0.04800,0.05800,-0.03600,0.10800,0.00000,0.00000,0.00000,0.00000,0.00000,0.00148,-0.00155,0.00000,0.00155,0.00148,0.99991,-0.01360,-0.00001,0.01360,0.99990,0.00467,-0.00005,-0.00467,0.99999,-0.01354,0.00482,0.00007,0.77959
5531275551922997,9068308,0.00000,-0.04800,0.05800,-0.03600,0.10800,0.00000,0.00000,0.00000,0.00000,0.00000,0.00148,-0.00155,0.00000,0.00155,0.00148,0.99991,-0.01360,-0.00001,0.01360,0.99990,0.00467,-0.00005,-0.00467,0.99999,-0.01354,0.00482,0.00007,0.77959
5531275617943843,9048923,0.02900,0.00900,-0.03800,-0.03600,0.10800,0.00000,0.00000,0.00000,0.00000,0.00000,0.00329,-0.00345,0.00000,0.00345,0.00329,0.99996,-0.00788,-0.00299,0.00787,0.99997,-0.00103,0.00300,0.00100,0.99999,-0.00789,-0.00091,-0.00299,0.48295
5531275674931304,56987461,0.07700,0.00900,-0.04800,-0.03600,0.10800,0.00000,0.00000,0.00000,0.00000,0.00000,0.00664,-0.00701,0.00000,0.00701,0.00664,0.99994,-0.00755,-0.00788,0.00755,0.99997,-0.00106,0.00789,0.00100,0.99997,-0.00757,-0.00091,-0.00788,0.62651
5531275684669997,9738693,0.07700,0.00900,-0.04800,-0.07200,0.10800,-0.03600,0.00000,0.00000,0.00000,0.00000,0.00877,-0.00929,0.00000,0.00929,0.00877,0.99994,-0.00735,-0.00788,0.00734,0.99997,-0.00105,0.00789,0.00100,0.99997,-0.00736,-0.00091,-0.00788,0.61802
5531275750547689,9667462,-0.01900,-0.02900,-0.00900,-0.07200,0.14400,-0.03600,0.00000,0.00000,0.00000,0.00000,0.00235,-0.00246,0.00000,0.00246,0.00235,0.99989,-0.01473,0.00186,0.01472,0.99989,0.00280,-0.00190,-0.00277,0.99999,-0.01470,0.00294,0.00191,0.85065
5531275806845381,56297692,0.04800,0.03700,0.02900,-0.07200,0.14400,-0.03600,0.00000,0.00000,0.00000,0.00000,0.00661,-0.00698,0.00000,0.00698,0.00661,0.99996,-0.00789,-0.00479,0.00788,0.99996,-0.00386,0.00482,0.00383,0.99998,-0.00794,-0.00374,-0.00481,0.52897
5531275815922304,9076923,0.04800,0.03700,0.02900,-0.07200,0.14400,-0.03600,0.00000,0.00000,0.00000,0.00000,0.00661,-0.00698,0.00000,0.00698,0.00661,0.99996,-0.00789,-0.00479,0.00788,0.99996,-0.00386,0.00482,0.00383,0.99998,-0.00794,-0.00374,-0.00481,0.52897
5531275872858227,56935923,0.00000,0.00900,0.02900,-0.07200,0.14400,-0.03600,0.00000,0.00000,0.00000,0.00000,0.00344,-0.00361,0.00000,0.00361,0.00344,0.99994,-0.01090,0.00003,0.01090,0.99994,-0.00104,-0.00002,0.00104,1.00000,-0.01092,-0.00091,0.00003,0.62495
5531275881938227,9080000,0.00000,0.00900,0.02900,-0.07200,0.14400,-0.03600,0.00000,0.00000,0.00000,0.00000,0.00344,-0.00361,0.00000,0.00361,0.00344,0.99994,-0.01090,0.00003,0.01090,0.99994,-0.00104,-0.00002,0.00104,1.00000,-0.01092,-0.00091,0.00003,0.62495
5531275947971228,9084924,0.04800,0.03700,0.02900,-0.07200,0.14400,0.00000,0.00000,0.00000,0.00000,0.00000,0.00553,-0.00582,0.00000,0.00582,0.00553,0.99996,-0.00788,-0.00479,0.00786,0.99996,-0.00386,0.00482,0.00383,0.99998,-0.00793,-0.00374,-0.00481,0.52860
5531276013916535,8714615,0.03900,-0.01000,0.02900,-0.07200,0.14400,-0.03600,0.00000,0.00000,0.00000,0.00000,0.00623,-0.00657,0.00000,0.00657,0.00623,0.99991,-0.01245,-0.00392,0.01246,0.99992,0.00081,0.00391,-0.00086,0.99999,-0.01244,0.00101,-0.00390,0.74808
5531276013916535,8714615,0.03900,-0.01000,0.02900,-0.07200,0.14400,-0.03600,0.00000,0.00000,0.00000,0.00000,0.00623,-0.00657,0.00000,0.00657,0.00623,0.99991,-0.01245,-0.00392,0.01246,0.99992,0.00081,0.00391,-0.00086,0.99999,-0.01244,0.00101,-0.00390,0.74808
5531276079918689,9076769,0.05800,0.05600,0.00000,-0.10800,0.14400,-0.03600,0.00000,0.00000,0.00000,0.00000,0.00829,-0.00877,0.00000,0.00877,0.00829,0.99997,-0.00580,-0.00584,0.00576,0.99997,-0.00577,0.00587,0.00573,0.99997,-0.00586,-0.00567,-0.00587,0.47105
5531276137334766,57416077,0.02900,0.00000,0.02900,-0.10800,0.14400,-0.03600,0.00000,0.00000,0.00000,0.00000,0.00654,-0.00690,0.00000,0.00690,0.00654,0.99993,-0.01134,-0.00290,0.01134,0.99994,-0.00017,0.00290,0.00013,1.00000,-0.01134,-0.00000,-0.00289,0.67086
5531276145942843,8608077,0.02900,0.00000,0.02900,-0.10800,0.14400,-0.07200,0.00000,0.00000,0.00000,0.00000,0.00762,-0.00805,0.00000,0.00805,0.00762,0.99993,-0.01134,-0.00290,0.01134,0.99994,-0.00017,0.00290,0.00013,1.00000,-0.01134,-0.00000,-0.00289,0.67056
5531276211943612,9014231,0.00000,0.00000,0.02900,-0.10800,0.18000,-0.07200,0.00000,0.00000,0.00000,0.00000,0.00571,-0.00601,0.00000,0.00601,0.00571,0.99989,-0.01457,0.00002,0.01457,0.99989,-0.00017,-0.00002,0.00017,1.00000,-0.01458,-0.00000,0.00003,0.83556
5531276277927151,9089385,0.04800,0.05600,-0.03800,-0.10800,0.18000,-0.07200,0.00000,0.00000,0.00000,0.00000,0.00880,-0.00931,0.00000,0.00931,0.00880,0.99995,-0.00887,-0.00488,0.00884,0.99994,-0.00583,0.00493,0.00579,0.99997,-0.00893,-0.00568,-0.00492,0.58013
5531276277927151,9089385,0.04800,0.05600,-0.03800,-0.10800,0.18000,-0.07200,0.00000,0.00000,0.00000,0.00000,0.00880,-0.00931,0.00000,0.00931,0.00880,0.99995,-0.00887,-0.00488,0.00884,0.99994,-0.00583,0.00493,0.00579,0.99997,-0.00893,-0.00568,-0.00492,0.58013
5531276343930997,9067308,0.00000,0.02800,-0.01900,-0.10800,0.18000,-0.10800,0.00000,0.00000,0.00000,0.00000,0.00669,-0.00706,0.00000,0.00706,0.00669,0.99993,-0.01189,0.00000,0.01189,0.99992,-0.00297,0.00003,0.00297,1.00000,-0.01192,-0.00284,-0.00002,0.68128
5531276343930997,9067308,0.00000,0.02800,-0.01900,-0.10800,0.18000,-0.10800,0.00000,0.00000,0.00000,0.00000,0.00669,-0.00706,0.00000,0.00706,0.00669,0.99993,-0.01189,0.00000,0.01189,0.99992,-0.00297,0.00003,0.00297,1.00000,-0.01192,-0.00284,-0.00002,0.68128
5531276409965997,9118616,0.04800,0.03700,0.01000,-0.14400,0.18000,-0.10800,0.00000,0.00000,0.00000,0.00000,0.01096,-0.01164,0.00000,0.01164,0.01096,0.99993,-0.01049,-0.00481,0.01048,0.99994,-0.00391,0.00485,0.00386,0.99998,-0.01054,-0.00374,-0.00484,0.66205
5531276409965997,9118616,0.04800,0.03700,0.01000,-0.14400,0.18000,-0.10800,0.00000,0.00000,0.00000,0.00000,0.01096,-0.01164,0.00000,0.01164,0.01096,0.99993,-0.01049,-0.00481,0.01048,0.99994,-0.00391,0.00485,0.00386,0.99998,-0.01054,-0.00374,-0.00484,0.66205
5531276474948689,-1014692,-0.00900,0.00900,-0.00900,-0.14400,0.18000,-0.10800,0.00000,0.00000,0.00000,0.00000,0.00720,-0.00760,0.00000,0.00760,0.00720,0.99991,-0.01355,0.00090,0.01355,0.99991,-0.00105,-0.00089,0.00107,1.00000,-0.01356,-0.00091,0.00090,0.77758
5531276541917535,9071769,0.00000,-0.01900,0.01000,-0.10800,0.18000,-0.14400,0.00000,0.00000,0.00000,0.00000,0.00801,-0.00846,0.00000,0.00846,0.00801,0.99987,-0.01639,-0.00003,0.01639,0.99986,0.00173,0.00000,-0.00173,1.00000,-0.01637,0.00192,0.00001,0.93858
5531276541917535,9071769,0.00000,-0.01900,0.01000,-0.10800,0.18000,-0.14400,0.00000,0.00000,0.00000,0.00000,0.00801,-0.00846,0.00000,0.00846,0.00801,0.99987,-0.01639,-0.00003,0.01639,0.99986,0.00173,0.00000,-0.00173,1.00000,-0.01637,0.00192,0.00001,0.93858
5531276614161920,15250539,0.02000,0.00900,-0.00900,-0.14400,0.18000,-0.14400,0.00000,0.00000,0.00000,0.00000,0.01029,-0.01091,0.00000,0.01091,0.01029,0.99991,-0.01334,-0.00203,0.01334,0.99991,-0.00109,0.00205,0.00106,1.00000,-0.01335,-0.00091,-0.00204,0.77329
5531276674978074,9950846,0.02900,-0.02900,0.01000,-0.14400,0.18000,-0.18000,0.00000,0.00000,0.00000,0.00000,0.01218,-0.01295,0.00000,0.01295,0.01218,0.99985,-0.01686,-0.00298,0.01687,0.99985,0.00269,0.00294,-0.00274,0.99999,-0.01683,0.00293,-0.00292,0.98098
5531276805971689,9119692,0.00000,-0.07700,-0.05700,-0.14400,0.18000,-0.14400,0.00000,0.00000,0.00000,0.00000,0.00943,-0.00999,0.00000,0.00999,0.00943,0.99976,-0.02171,-0.00025,0.02171,0.99974,0.00759,0.00009,-0.00759,0.99997,-0.02162,0.00784,-0.00007,1.24395
5531276805971689,9119692,0.00000,-0.07700,-0.05700,-0.14400,0.18000,-0.14400,0.00000,0.00000,0.00000,0.00000,0.00943,-0.00999,0.00000,0.00999,0.00943,0.99976,-0.02171,-0.00025,0.02171,0.99974,0.00759,0.00009,-0.00759,0.99997,-0.02162,0.00784,-0.00007,1.24395
5531276871917458,9072769,0.02900,0.00900,0.02900,-0.14400,0.18000,-0.07200,0.00000,0.00000,0.00000,0.00000,0.00870,-0.00920,0.00000,0.00920,0.00870,0.99991,-0.01327,-0.00289,0.01327,0.99991,-0.00110,0.00290,0.00106,1.00000,-0.01329,-0.00091,-0.00289,0.77909
5531276871917458,9072769,0.02900,0.00900,0.02900,-0.14400,0.18000,-0.07200,0.00000,0.00000,0.00000,0.00000,0.00870,-0.00920,0.00000,0.00920,0.00870,0.99991,-0.01327,-0.00289,0.01327,0.99991,-0.00110,0.00290,0.00106,1.00000,-0.01329,-0.00091,-0.00289,0.77909
5531276938023689,9140769,0.03900,0.00900,-0.00900,-0.14400,0.18000,0.00000,0.00000,0.00000,0.00000,0.00000,0.00726,-0.00766,0.00000,0.00766,0.00726,0.99991,-0.01319,-0.00396,0.01319,0.99991,-0.00112,0.00397,0.00106,0.99999,-0.01320,-0.00091,-0.00396,0.78932
5531276938023689,9140769,0.03900,0.00900,-0.00900,-0.14400,0.18000,0.00000,0.00000,0.00000,0.00000,0.00000,0.00726,-0.00766,0.00000,0.00766,0.00726,0.99991,-0.01319,-0.00396,0.01319,0.99991,-0.00112,0.00397,0.00106,0.99999,-0.01320,-0.00091,-0.00396,0.78932
5531277003959304,9021307,0.09600,-0.07700,0.04800,-0.18000,0.18000,0.00000,0.00000,0.00000,0.00000,0.00000,0.01259,-0.01340,0.00000,0.01340,0.01259,0.99974,-0.02064,-0.00978,0.02071,0.99976,0.00731,0.00963,-0.00751,0.99993,-0.02055,0.00775,-0.00961,1.30881
5531277003959304,9021307,0.09600,-0.07700,0.04800,-0.18000,0.18000,0.00000,0.00000,0.00000,0.00000,0.00000,0.01259,-0.01340,0.00000,0.01340,0.01259,0.99974,-0.02064,-0.00978,0.02071,0.99976,0.00731,0.00963,-0.00751,0.99993,-0.02055,0.00775,-0.00961,1.30881
5531277069917381,9070307,0.02900,0.00900,0.02900,-0.18000,0.18000,0.07200,0.00000,0.00000,0.00000,0.00000,0.00541,-0.00570,0.00000,0.00570,0.00541,0.99991,-0.01304,-0.00289,0.01303,0.99991,-0.00110,0.00290,0.00106,1.00000,-0.01305,-0.00091,-0.00289,0.76541
5531277069917381,9070307,0.02900,0.00900,0.02900,-0.18000,0.18000,0.07200,0.00000,0.00000,0.00000,0.00000,0.00541,-0.00570,0.00000,0.00570,0.00541,0.99991,-0.01304,-0.00289,0.01303,0.99991,-0.00110,0.00290,0.00106,1.00000,-0.01305,-0.00091,-0.00289,0.76541
5531277135917458,9070769,0.01000,0.00900,0.05800,-0.18000,0.18000,0.10800,0.00000,0.00000,0.00000,0.00000,0.00300,-0.00314,0.00000,0.00314,0.00300,0.99991,-0.01317,-0.00094,0.01317,0.99991,-0.00107,0.00095,0.00106,1.00000,-0.01318,-0.00091,-0.00094,0.75666
5531277135917458,9070769,0.01000,0.00900,0.05800,-0.18000,0.18000,0.10800,0.00000,0.00000,0.00000,0.00000,0.00300,-0.00314,0.00000,0.00314,0.00300,0.99991,-0.01317,-0.00094,0.01317,0.99991,-0.00107,0.00095,0.00106,1.00000,-0.01318,-0.00091,-0.00094,0.75666
5531277201920381,9075000,0.02000,-0.01000,-0.02900,-0.18000,0.18000,0.10800,0.00000,0.00000,0.00000,0.00000,0.00387,-0.00406,0.00000,0.00406,0.00387,0.99989,-0.01493,-0.00209,0.01493,0.99989,0.00081,0.00208,-0.00085,1.00000,-0.01492,0.00102,-0.00206,0.86434
5531277201920381,9075000,0.02000,-0.01000,-0.02900,-0.18000,0.18000,0.10800,0.00000,0.00000,0.00000,0.00000,0.00387,-0.00406,0.00000,0.00406,0.00387,0.99989,-0.01493,-0.00209,0.01493,0.99989,0.00081,0.00208,-0.00085,1.00000,-0.01492,0.00102,-0.00206,0.86434
5531277267914997,9071308,0.02000,-0.01000,0.11500,-0.18000,0.18000,0.14400,0.00000,0.00000,0.00000,0.00000,0.00266,-0.00279,0.00000,0.00279,0.00266,0.99989,-0.01492,-0.00189,0.01492,0.99989,0.00079,0.00188,-0.00082,1.00000,-0.01491,0.00099,-0.00187,0.86230
5531277267914997,9071308,0.02000,-0.01000,0.11500,-0.18000,0.18000,0.14400,0.00000,0.00000,0.00000,0.00000,0.00266,-0.00279,0.00000,0.00279,0.00266,0.99989,-0.01492,-0.00189,0.01492,0.99989,0.00079,0.00188,-0.00082,1.00000,-0.01491,0.00099,-0.00187,0.86230
5531277333966228,9058308,0.03900,0.00900,-0.00900,-0.18000,0.18000,0.18000,0.00000,0.00000,0.00000,0.00000,0.00292,-0.00306,0.00000,0.00306,0.00292,0.99991,-0.01295,-0.00396,0.01294,0.99992,-0.00111,0.00397,0.00106,0.99999,-0.01296,-0.00091,-0.00396,0.77607
5531277333966228,9058308,0.03900,0.00900,-0.00900,-0.18000,0.18000,0.18000,0.00000,0.00000,0.00000,0.00000,0.00292,-0.00306,0.00000,0.00306,0.00292,0.99991,-0.01295,-0.00396,0.01294,0.99992,-0.00111,0.00397,0.00106,0.99999,-0.01296,-0.00091,-0.00396,0.77607
5531277399959458,9069923,-0.00900,0.00900,-0.04800,-0.18000,0.18000,0.21600,0.00000,0.00000,0.00000,0.00000,-0.00147,0.00154,0.00000,-0.00154,-0.00147,0.99991,-0.01329,0.00086,0.01329,0.99991,-0.00105,-0.00085,0.00106,1.00000,-0.01330,-0.00091,0.00086,0.76336
5531277399959458,9069923,-0.00900,0.00900,-0.04800,-0.18000,0.18000,0.21600,0.00000,0.00000,0.00000,0.00000,-0.00147,0.00154,0.00000,-0.00154,-0.00147,0.99991,-0.01329,0.00086,0.01329,0.99991,-0.00105,-0.00085,0.00106,1.00000,-0.01330,-0.00091,0.00086,0.76336
5531277465954689,9068231,0.02900,0.00000,-0.01900,-0.18000,0.18000,0.28800,0.00000,0.00000,0.00000,0.00000,-0.00093,0.00097,0.00000,-0.00097,-0.00093,0.99990,-0.01389,-0.00297,0.01389,0.99990,-0.00020,0.00298,0.00016,1.00000,-0.01390,0.00000,-0.00296,0.81421
5531277465954689,9068231,0.02900,0.00000,-0.01900,-0.18000,0.18000,0.28800,0.00000,0.00000,0.00000,0.00000,-0.00093,0.00097,0.00000,-0.00097,-0.00093,0.99990,-0.01389,-0.00297,0.01389,0.99990,-0.00020,0.00298,0.00016,1.00000,-0.01390,0.00000,-0.00296,0.81421
5531277531955228,9066231,-0.01900,0.00900,0.01000,-0.18000,0.21600,0.28800,0.00000,0.00000,0.00000,0.00000,-0.00429,0.00445,0.00000,-0.00445,-0.00429,0.99986,-0.01638,0.00193,0.01638,0.99987,-0.00107,-0.00192,0.00110,1.00000,-0.01639,-0.00091,0.00193,0.94543
5531277531955228,9066231,-0.01900,0.00900,0.01000,-0.18000,0.21600,0.28800,0.00000,0.00000,0.00000,0.00000,-0.00429,0.00445,0.00000,-0.00445,-0.00429,0.99986,-0.01638,0.00193,0.01638,0.99987,-0.00107,-0.00192,0.00110,1.00000,-0.01639,-0.00091,0.00193,0.94543
5531277597954843,9064154,0.07700,0.00900,-0.03800,-0.18000,0.21600,0.32400,0.00000,0.00000,0.00000,0.00000,0.00141,-0.00148,0.00000,0.00148,0.00141,0.99985,-0.01564,-0.00786,0.01563,0.99988,-0.00121,0.00788,0.00109,0.99997,-0.01565,-0.00091,-0.00786,1.00269
5531277655027305,57072462,-0.05700,0.00900,0.26800,-0.18000,0.21600,0.32400,0.00000,0.00000,0.00000,0.00000,-0.00814,0.00840,0.00000,-0.00840,-0.00814,0.99984,-0.01668,0.00592,0.01669,0.99986,-0.00100,-0.00590,0.00110,0.99998,-0.01669,-0.00091,0.00592,1.01414
5531277666228074,11200769,-0.05700,0.00900,0.26800,-0.18000,0.21600,0.32400,0.00000,0.00000,0.00000,0.00000,-0.00814,0.00840,0.00000,-0.00840,-0.00814,0.99984,-0.01668,0.00592,0.01669,0.99986,-0.00100,-0.00590,0.00110,0.99998,-0.01669,-0.00091,0.00592,1.01414
5531277666228074,11200769,-0.05700,0.00900,0.26800,-0.18000,0.21600,0.32400,0.00000,0.00000,0.00000,0.00000,-0.00814,0.00840,0.00000,-0.00840,-0.00814,0.99984,-0.01668,0.00592,0.01669,0.99986,-0.00100,-0.00590,0.00110,0.99998,-0.01669,-0.00091,0.00592,1.01414
5531277729959843,8384231,0.02000,0.03700,-0.05700,-0.18000,0.18000,0.32400,0.00000,0.00000,0.00000,0.00000,-0.00279,0.00290,0.00000,-0.00290,-0.00279,0.99994,-0.01030,-0.00207,0.01029,0.99994,-0.00390,0.00211,0.00388,0.99999,-0.01034,-0.00376,-0.00210,0.60231
5531277729959843,8384231,0.02000,0.03700,-0.05700,-0.18000,0.18000,0.32400,0.00000,0.00000,0.00000,0.00000,-0.00279,0.00290,0.00000,-0.00290,-0.00279,0.99994,-0.01030,-0.00207,0.01029,0.99994,-0.00390,0.00211,0.00388,0.99999,-0.01034,-0.00376,-0.00210,0.60231
5531277795955151,9051693,0.04800,-0.01000,-0.04800,-0.18000,0.18000,0.36000,0.00000,0.00000,0.00000,0.00000,-0.00165,0.00172,0.00000,-0.00172,-0.00165,0.99988,-0.01474,-0.00496,0.01474,0.99989,0.00078,0.00495,-0.00085,0.99999,-0.01473,0.00102,-0.00494,0.89131
5531277795955151,9051693,0.04800,-0.01000,-0.04800,-0.18000,0.18000,0.36000,0.00000,0.00000,0.00000,0.00000,-0.00165,0.00172,0.00000,-0.00172,-0.00165,0.99988,-0.01474,-0.00496,0.01474,0.99989,0.00078,0.00495,-0.00085,0.99999,-0.01473,0.00102,-0.00494,0.89131
5531277862200689,6822077,-0.00900,-0.01000,-0.05700,-0.18000,0.18000,0.36000,0.00000,0.00000,0.00000,0.00000,-0.00566,0.00586,0.00000,-0.00586,-0.00566,0.99988,-0.01518,0.00082,0.01518,0.99988,0.00086,-0.00083,-0.00085,1.00000,-0.01517,0.00102,0.00085,0.87111
5531277919267458,57066769,0.02900,0.00900,-0.06700,-0.18000,0.18000,0.36000,0.00000,0.00000,0.00000,0.00000,-0.00306,0.00319,0.00000,-0.00319,-0.00306,0.99991,-0.01300,-0.00303,0.01300,0.99991,-0.00110,0.00305,0.00106,0.99999,-0.01301,-0.00091,-0.00303,0.76489
5531277928142766,8875308,0.02900,0.00900,-0.06700,-0.14400,0.18000,0.36000,0.00000,0.00000,0.00000,0.00000,-0.00412,0.00428,0.00000,-0.00428,-0.00412,0.99991,-0.01323,-0.00303,0.01322,0.99991,-0.00110,0.00305,0.00106,0.99999,-0.01324,-0.00091,-0.00303,0.77733
5531277984891920,56749154,0.00000,0.00900,0.05800,-0.14400,0.18000,0.36000,0.00000,0.00000,0.00000,0.00000,-0.00628,0.00650,0.00000,-0.00650,-0.00628,0.99991,-0.01345,0.00007,0.01345,0.99991,-0.00106,-0.00005,0.00107,1.00000,-0.01346,-0.00091,0.00007,0.77126
5531277993945689,9053769,0.00000,0.00900,0.05800,-0.14400,0.18000,0.39600,0.00000,0.00000,0.00000,0.00000,-0.00735,0.00760,0.00000,-0.00760,-0.00735,0.99991,-0.01345,0.00007,0.01345,0.99991,-0.00106,-0.00005,0.00107,1.00000,-0.01346,-0.00091,0.00007,0.77076
5531278050871074,56925385,0.08700,-0.01000,-0.03800,-0.14400,0.18000,0.39600,0.00000,0.00000,0.00000,0.00000,-0.00104,0.00108,0.00000,-0.00108,-0.00104,0.99985,-0.01467,-0.00891,0.01467,0.99989,0.00072,0.00889,-0.00085,0.99996,-0.01466,0.00102,-0.00888,0.98298
5531278059947228,9076154,0.08700,-0.01000,-0.03800,-0.14400,0.18000,0.39600,0.00000,0.00000,0.00000,0.00000,-0.00104,0.00108,0.00000,-0.00108,-0.00104,0.99985,-0.01467,-0.00891,0.01467,0.99989,0.00072,0.00889,-0.00085,0.99996,-0.01466,0.00102,-0.00888,0.98298
5531278116844997,56897769,0.02900,0.00000,-0.00900,-0.14400,0.18000,0.39600,0.00000,0.00000,0.00000,0.00000,-0.00520,0.00539,0.00000,-0.00539,-0.00520,0.99990,-0.01412,-0.00296,0.01412,0.99990,-0.00020,0.00296,0.00016,1.00000,-0.01412,0.00000,-0.00295,0.82709
5531278125916920,9071923,0.02900,0.00000,-0.00900,-0.14400,0.21600,0.46800,0.00000,0.00000,0.00000,0.00000,-0.00725,0.00749,0.00000,-0.00749,-0.00725,0.99985,-0.01713,-0.00296,0.01712,0.99985,-0.00025,0.00296,0.00020,1.00000,-0.01713,0.00000,-0.00295,0.99603
5531278182847228,56930308,0.02000,0.04700,0.02900,-0.14400,0.21600,0.46800,0.00000,0.00000,0.00000,0.00000,-0.00817,0.00844,0.00000,-0.00844,-0.00817,0.99992,-0.01251,-0.00193,0.01250,0.99991,-0.00491,0.00200,0.00489,0.99999,-0.01257,-0.00474,-0.00198,0.72497
5531278191925381,9078153,0.02000,0.04700,0.02900,-0.14400,0.10800,0.39600,0.00000,0.00000,0.00000,0.00000,-0.00625,0.00647,0.00000,-0.00647,-0.00625,0.99999,-0.00351,-0.00197,0.00350,0.99998,-0.00479,0.00199,0.00478,0.99999,-0.00356,-0.00474,-0.00198,0.22985
5531278249747843,57822462,0.05800,-0.04800,0.00000,-0.14400,0.10800,0.39600,0.00000,0.00000,0.00000,0.00000,-0.00308,0.00321,0.00000,-0.00321,-0.00308,0.99990,-0.01264,-0.00594,0.01267,0.99991,0.00464,0.00588,-0.00471,0.99997,-0.01258,0.00486,-0.00587,0.80040
5531278257919843,8172000,0.05800,-0.04800,0.00000,-0.14400,0.10800,0.36000,0.00000,0.00000,0.00000,0.00000,-0.00202,0.00211,0.00000,-0.00211,-0.00202,0.99990,-0.01263,-0.00594,0.01265,0.99991,0.00464,0.00588,-0.00471,0.99997,-0.01257,0.00486,-0.00587,0.79966
5531278314866997,56947154,0.10600,0.05600,0.04800,-0.14400,0.10800,0.36000,0.00000,0.00000,0.00000,0.00000,0.00075,-0.00079,0.00000,0.00079,0.00075,0.99994,-0.00214,-0.01060,0.00208,0.99998,-0.00569,0.01062,0.00567,0.99993,-0.00221,-0.00564,-0.01061,0.61929
5531278323924074,9057077,0.10600,0.05600,0.04800,-0.25200,0.18000,0.03600,0.00000,0.00000,0.00000,0.00000,0.01356,-0.01446,0.00000,0.01446,0.01356,0.99991,-0.00766,-0.01058,0.00760,0.99995,-0.00581,0.01062,0.00573,0.99993,-0.00773,-0.00564,-0.01061,0.74834
5531278380843997,56919923,0.02000,-0.01000,0.01000,-0.25200,0.18000,0.03600,0.00000,0.00000,0.00000,0.00000,0.00806,-0.00852,0.00000,0.00852,0.00806,0.99989,-0.01446,-0.00204,0.01446,0.99989,0.00081,0.00202,-0.00084,1.00000,-0.01445,0.00101,-0.00201,0.83697
